rule,totalCount,totalCountP,dateCount,dateCountP,d1cMean,d2cMean,d3cMean,d4cMean,d5cMean,d6cMean,d1hMean,d2hMean,d3hMean,d4hMean,d5hMean,d6hMean,day1cip,day1hip,day2cip,day2hip,day3cip,day3hip,day4cip,day4hip,day5cip,day5hip,day6cip,day6hip
rule+1+10,43465,1.18,711,41.099999999999994,0.81,1.21,1.53,1.8,2.05,2.22,3.25,3.73,4.17,4.51,4.79,5.0,62.0,100.0,60.0,78.0,57.99999999999999,72.0,56.99999999999999,70.0,57.99999999999999,68.0,57.99999999999999,68.0
rule-2+10,3652260,98.99,1724,99.65,0.21,0.25,0.28,0.3,0.33,0.37,2.22,2.29,2.34,2.39,2.43,2.48,61.0,100.0,59.0,88.0,59.0,82.0,59.0,78.0,59.0,76.0,59.0,75.0
rule-3+10,2561621,69.43,1724,99.65,0.23,0.29,0.34,0.38,0.43,0.45,2.2,2.3,2.38,2.45,2.52,2.57,61.0,100.0,59.0,88.0,59.0,82.0,60.0,78.0,60.0,75.0,59.0,74.0
rule+4+10,1680067,45.53,1719,99.36,0.27,0.2,0.17,0.12,0.05,0.05,2.44,2.43,2.38,2.34,2.28,2.26,61.0,100.0,56.99999999999999,90.0,56.00000000000001,83.0,56.00000000000001,78.0,55.00000000000001,75.0,56.00000000000001,73.0
rule-5+10,3795494,102.86999999999999,1724,99.65,0.2,0.25,0.29,0.33,0.37,0.4,2.2,2.27,2.34,2.4,2.46,2.51,60.0,100.0,59.0,88.0,59.0,82.0,59.0,78.0,59.0,76.0,59.0,75.0
rule-6+10,2939916,79.67999999999999,1724,99.65,0.18,0.22,0.25,0.26,0.3,0.34,2.2,2.26,2.32,2.35,2.4,2.46,60.0,100.0,57.99999999999999,88.0,57.99999999999999,82.0,57.99999999999999,77.0,59.0,76.0,57.99999999999999,74.0
rule+7+10,277508,7.5200000000000005,1592,92.02,0.25,0.38,0.39,0.3,0.21,0.18,1.88,2.11,2.21,2.18,2.09,2.05,56.99999999999999,100.0,57.99999999999999,82.0,56.99999999999999,76.0,56.00000000000001,73.0,55.00000000000001,70.0,55.00000000000001,68.0
rule+10-11,1953903,52.959999999999994,1724,99.65,0.25,0.36,0.43,0.47,0.49,0.49,2.08,2.25,2.37,2.45,2.5,2.54,62.0,100.0,61.0,87.0,60.0,82.0,60.0,78.0,60.0,75.0,59.0,74.0
rule+1-2+10,19689,0.53,458,26.47,0.79,1.13,1.37,1.65,1.85,2.16,3.53,3.99,4.37,4.71,4.88,5.13,62.0,100.0,59.0,77.0,56.00000000000001,72.0,56.99999999999999,70.0,60.0,69.0,57.99999999999999,69.0
rule+1-3+10,33135,0.8999999999999999,607,35.089999999999996,0.77,0.93,0.99,1.03,1.1,1.09,3.3,3.48,3.64,3.74,3.88,3.88,64.0,100.0,60.0,78.0,56.99999999999999,72.0,56.00000000000001,69.0,56.99999999999999,67.0,56.00000000000001,66.0
rule+1+4+10,20663,0.5599999999999999,572,33.06,0.75,1.55,2.13,2.58,2.92,3.21,3.19,4.1,4.78,5.32,5.75,6.09,61.0,100.0,62.0,78.0,59.0,73.0,60.0,72.0,61.0,71.0,62.0,72.0
rule+1-5+10,41968,1.1400000000000001,700,40.46,0.82,1.23,1.58,1.86,2.11,2.27,3.25,3.75,4.2,4.58,4.86,5.07,62.0,100.0,60.0,78.0,57.99999999999999,72.0,57.99999999999999,70.0,57.99999999999999,68.0,57.99999999999999,69.0
rule+1-6+10,36015,0.98,654,37.8,0.83,1.16,1.35,1.52,1.75,1.91,3.29,3.69,4.03,4.26,4.51,4.75,63.0,100.0,59.0,77.0,56.00000000000001,70.0,56.99999999999999,69.0,56.99999999999999,68.0,56.00000000000001,67.0
rule+1+7+10,11899,0.32,389,22.49,0.85,2.06,3.0,3.5,3.78,4.11,3.15,4.6,5.72,6.44,6.75,7.13,64.0,100.0,65.0,82.0,65.0,78.0,62.0,74.0,63.0,71.0,62.0,72.0
rule+1+10-11,38020,1.03,650,37.57,0.8,1.18,1.41,1.57,1.75,1.87,3.18,3.65,4.03,4.24,4.48,4.62,64.0,100.0,61.0,79.0,57.99999999999999,73.0,57.99999999999999,70.0,57.99999999999999,68.0,57.99999999999999,68.0
rule-2-3+10,2381879,64.56,1724,99.65,0.23,0.28,0.31,0.34,0.39,0.4,2.21,2.3,2.37,2.42,2.48,2.53,61.0,100.0,59.0,88.0,59.0,81.0,60.0,78.0,59.0,75.0,59.0,75.0
rule-2+4+10,1598063,43.309999999999995,1719,99.36,0.27,0.2,0.16,0.1,0.02,0.01,2.45,2.44,2.38,2.33,2.25,2.23,61.0,100.0,56.99999999999999,90.0,56.00000000000001,83.0,56.00000000000001,78.0,55.00000000000001,75.0,55.00000000000001,73.0
rule-2-5+10,3596890,97.49,1724,99.65,0.21,0.24,0.27,0.3,0.33,0.37,2.21,2.28,2.34,2.39,2.43,2.48,60.0,100.0,59.0,88.0,59.0,82.0,59.0,78.0,59.0,76.0,59.0,75.0
rule-2-6+10,2793892,75.72,1724,99.65,0.18,0.21,0.23,0.23,0.27,0.3,2.21,2.27,2.31,2.33,2.37,2.42,60.0,100.0,57.99999999999999,88.0,59.0,82.0,57.99999999999999,78.0,59.0,76.0,57.99999999999999,74.0
rule-2+7+10,213397,5.779999999999999,1584,91.56,0.26,0.36,0.34,0.25,0.17,0.14,1.88,2.09,2.16,2.11,2.02,1.99,56.99999999999999,100.0,57.99999999999999,82.0,56.99999999999999,76.0,56.00000000000001,72.0,55.00000000000001,70.0,54.0,68.0
rule-2+10-11,1756079,47.589999999999996,1724,99.65,0.25,0.35,0.41,0.43,0.45,0.45,2.09,2.25,2.36,2.42,2.47,2.5,62.0,100.0,61.0,87.0,60.0,81.0,60.0,78.0,60.0,75.0,59.0,74.0
rule-3+4+10,562260,15.24,1719,99.36,0.3,0.3,0.28,0.25,0.23,0.22,2.43,2.49,2.48,2.46,2.44,2.44,61.0,100.0,57.99999999999999,89.0,59.0,82.0,56.99999999999999,78.0,57.99999999999999,75.0,56.99999999999999,74.0
rule-3-5+10,2519648,68.28999999999999,1724,99.65,0.22,0.29,0.34,0.38,0.44,0.46,2.19,2.3,2.38,2.45,2.52,2.57,61.0,100.0,59.0,88.0,60.0,82.0,60.0,78.0,59.0,75.0,59.0,74.0
rule-3-6+10,1973436,53.49,1724,99.65,0.2,0.26,0.29,0.3,0.35,0.37,2.19,2.28,2.35,2.38,2.44,2.5,61.0,100.0,57.99999999999999,88.0,59.0,81.0,59.0,77.0,57.99999999999999,75.0,57.99999999999999,74.0
rule-3+7+10,172989,4.6899999999999995,1538,88.9,0.26,0.41,0.41,0.34,0.26,0.21,1.85,2.12,2.22,2.19,2.11,2.08,56.00000000000001,100.0,57.99999999999999,82.0,56.99999999999999,75.0,56.00000000000001,73.0,55.00000000000001,70.0,55.00000000000001,68.0
rule-3+10-11,1694551,45.93,1724,99.65,0.25,0.36,0.41,0.45,0.48,0.47,2.11,2.26,2.38,2.45,2.51,2.54,62.0,100.0,61.0,87.0,60.0,82.0,60.0,77.0,60.0,75.0,57.99999999999999,74.0
rule+4-5+10,1657644,44.93,1719,99.36,0.26,0.2,0.17,0.12,0.05,0.05,2.43,2.42,2.38,2.34,2.27,2.26,61.0,100.0,56.99999999999999,90.0,56.00000000000001,83.0,56.00000000000001,78.0,55.00000000000001,75.0,56.00000000000001,73.0
rule+4-6+10,1258904,34.12,1719,99.36,0.21,0.16,0.12,0.04,-0.03,-0.02,2.43,2.41,2.36,2.29,2.22,2.21,60.0,100.0,56.00000000000001,90.0,56.00000000000001,82.0,55.00000000000001,77.0,55.00000000000001,74.0,54.0,73.0
rule+4+7+10,173643,4.71,1525,88.14999999999999,0.2,0.29,0.27,0.16,-0.01,-0.1,1.9,2.08,2.12,2.09,1.94,1.85,56.99999999999999,100.0,56.00000000000001,82.0,55.00000000000001,75.0,54.0,72.0,52.0,68.0,52.0,66.0
rule+4+10-11,462988,12.55,1713,99.02,0.29,0.33,0.34,0.3,0.18,0.11,2.12,2.27,2.32,2.33,2.26,2.19,61.0,100.0,59.0,86.0,57.99999999999999,79.0,56.99999999999999,76.0,56.00000000000001,72.0,55.00000000000001,70.0
rule-5-6+10,2896186,78.49000000000001,1724,99.65,0.17,0.21,0.25,0.26,0.3,0.34,2.19,2.25,2.31,2.34,2.39,2.45,60.0,100.0,57.99999999999999,88.0,57.99999999999999,82.0,57.99999999999999,77.0,59.0,76.0,57.99999999999999,74.0
rule-5+7+10,270959,7.340000000000001,1592,92.02,0.25,0.38,0.38,0.29,0.2,0.16,1.87,2.11,2.2,2.16,2.08,2.04,56.99999999999999,100.0,57.99999999999999,82.0,56.99999999999999,76.0,56.00000000000001,73.0,55.00000000000001,70.0,55.00000000000001,68.0
rule-5+10-11,1922644,52.11,1724,99.65,0.25,0.36,0.43,0.47,0.49,0.5,2.08,2.25,2.37,2.44,2.5,2.53,62.0,100.0,61.0,87.0,60.0,82.0,60.0,77.0,60.0,75.0,59.0,74.0
rule-6+7+10,121183,3.2800000000000002,1491,86.18,0.18,0.38,0.41,0.3,0.25,0.21,1.8,2.1,2.23,2.19,2.11,2.09,55.00000000000001,100.0,56.00000000000001,81.0,56.99999999999999,74.0,55.00000000000001,71.0,54.0,69.0,54.0,67.0
rule-6+10-11,1463672,39.67,1724,99.65,0.23,0.35,0.39,0.4,0.43,0.43,2.07,2.23,2.34,2.39,2.44,2.48,62.0,100.0,60.0,87.0,59.0,81.0,60.0,77.0,59.0,75.0,57.99999999999999,73.0
rule+7+10-11,241911,6.5600000000000005,1570,90.75,0.27,0.45,0.49,0.42,0.32,0.28,1.87,2.17,2.31,2.29,2.21,2.17,56.99999999999999,100.0,57.99999999999999,83.0,56.99999999999999,76.0,56.00000000000001,73.0,55.00000000000001,70.0,55.00000000000001,68.0
rule+1-2-3+10,12153,0.33,340,19.650000000000002,0.83,0.59,0.42,0.3,0.18,0.14,3.82,3.64,3.6,3.45,3.34,3.14,64.0,100.0,59.0,75.0,55.00000000000001,70.0,56.99999999999999,70.0,59.0,67.0,56.00000000000001,66.0
rule+1-2+4+10,10528,0.29,347,20.06,0.86,1.85,2.55,3.1,3.52,3.99,3.54,4.74,5.61,6.18,6.61,7.13,61.0,100.0,62.0,79.0,61.0,75.0,60.0,73.0,64.0,71.0,63.0,73.0
rule+1-2-5+10,18860,0.51,448,25.900000000000002,0.8,1.17,1.44,1.7,1.87,2.17,3.54,4.02,4.43,4.78,4.93,5.15,62.0,100.0,60.0,77.0,56.00000000000001,72.0,57.99999999999999,70.0,60.0,69.0,57.99999999999999,69.0
rule+1-2-6+10,16643,0.44999999999999996,415,23.990000000000002,0.8,1.1,1.17,1.37,1.5,1.67,3.57,4.0,4.27,4.46,4.6,4.76,63.0,100.0,59.0,77.0,56.00000000000001,72.0,57.99999999999999,70.0,60.0,69.0,56.99999999999999,68.0
rule+1-2+7+10,5381,0.15,245,14.16,0.84,2.02,2.98,3.27,3.49,4.13,3.37,4.9,5.97,6.52,6.65,7.2,62.0,100.0,64.0,82.0,61.0,77.0,62.0,72.0,62.0,71.0,62.0,71.0
rule+1-2+10-11,14363,0.38999999999999996,372,21.5,0.85,1.06,1.06,1.12,1.08,1.23,3.6,3.96,4.19,4.19,4.2,4.23,65.0,100.0,60.0,78.0,56.99999999999999,73.0,57.99999999999999,70.0,61.0,70.0,56.00000000000001,69.0
rule+1-3+4+10,10417,0.27999999999999997,448,25.900000000000002,0.61,1.29,1.67,1.98,2.21,2.26,3.23,3.9,4.35,4.76,5.14,5.25,64.0,100.0,63.0,78.0,60.0,74.0,60.0,73.0,61.0,71.0,61.0,70.0
rule+1-3-5+10,32307,0.88,600,34.68,0.77,0.93,1.05,1.11,1.2,1.18,3.3,3.49,3.69,3.83,3.99,3.99,64.0,100.0,60.0,78.0,56.99999999999999,71.0,56.00000000000001,69.0,56.99999999999999,67.0,56.00000000000001,66.0
rule+1-3-6+10,28009,0.76,568,32.83,0.83,0.96,0.93,0.87,0.96,0.84,3.38,3.51,3.61,3.6,3.75,3.71,64.0,100.0,57.99999999999999,77.0,56.99999999999999,70.0,56.00000000000001,69.0,56.00000000000001,66.0,55.00000000000001,66.0
rule+1-3+7+10,5668,0.15,271,15.659999999999998,0.64,1.8,2.61,3.25,3.5,3.98,3.15,4.45,5.43,6.21,6.63,7.03,66.0,100.0,66.0,82.0,63.0,75.0,62.0,75.0,62.0,70.0,62.0,71.0
rule+1-3+10-11,32011,0.8699999999999999,583,33.7,0.8,1.0,1.05,1.07,1.15,1.14,3.31,3.52,3.7,3.78,3.92,3.95,64.0,100.0,61.0,79.0,57.99999999999999,73.0,56.99999999999999,70.0,56.99999999999999,68.0,56.99999999999999,67.0
rule+1+4-5+10,19682,0.53,563,32.54,0.74,1.55,2.15,2.6,2.94,3.2,3.16,4.1,4.78,5.36,5.77,6.1,61.0,100.0,62.0,78.0,59.0,74.0,60.0,72.0,61.0,71.0,62.0,72.0
rule+1+4-6+10,15175,0.41000000000000003,505,29.189999999999998,0.67,1.51,2.07,2.56,2.88,3.28,3.16,4.08,4.77,5.34,5.78,6.19,61.0,100.0,61.0,77.0,56.99999999999999,72.0,59.0,72.0,60.0,70.0,60.0,71.0
rule+1+4+7+10,10720,0.29,358,20.69,0.94,2.22,3.16,3.75,4.11,4.4,3.2,4.76,5.89,6.69,7.06,7.51,65.0,100.0,66.0,82.0,66.0,78.0,62.0,75.0,65.0,72.0,63.0,73.0
rule+1+4+10-11,15377,0.42,506,29.25,0.71,1.64,2.17,2.54,2.81,3.09,3.07,4.11,4.82,5.24,5.63,5.94,64.0,100.0,64.0,80.0,62.0,76.0,60.0,74.0,62.0,72.0,62.0,73.0
rule+1-5-6+10,34915,0.95,642,37.11,0.85,1.19,1.4,1.58,1.8,1.91,3.3,3.72,4.07,4.34,4.57,4.78,63.0,100.0,59.0,77.0,56.00000000000001,71.0,56.00000000000001,69.0,56.99999999999999,68.0,56.00000000000001,68.0
rule+1-5+7+10,11129,0.3,381,22.02,0.9,2.11,3.11,3.62,3.87,4.24,3.14,4.67,5.79,6.54,6.85,7.24,64.0,100.0,66.0,82.0,64.0,78.0,62.0,74.0,64.0,72.0,62.0,72.0
rule+1-5+10-11,36926,1.0,641,37.05,0.8,1.2,1.46,1.63,1.8,1.92,3.17,3.66,4.07,4.3,4.54,4.69,64.0,100.0,61.0,79.0,57.99999999999999,73.0,57.99999999999999,70.0,57.99999999999999,68.0,57.99999999999999,69.0
rule+1-6+7+10,6746,0.18,282,16.3,0.74,2.34,3.34,3.91,4.18,4.65,3.13,4.96,6.26,7.05,7.38,7.84,63.0,100.0,62.0,82.0,62.0,78.0,60.0,72.0,59.0,69.0,59.0,70.0
rule+1-6+10-11,31647,0.86,602,34.8,0.82,1.17,1.27,1.34,1.52,1.61,3.24,3.62,3.93,4.05,4.27,4.42,64.0,100.0,59.0,78.0,56.99999999999999,72.0,56.99999999999999,70.0,56.99999999999999,68.0,56.00000000000001,68.0
rule+1+7+10-11,10210,0.27999999999999997,354,20.46,0.85,2.14,2.98,3.5,3.74,4.09,3.12,4.68,5.8,6.41,6.76,7.12,66.0,100.0,66.0,82.0,65.0,78.0,61.0,74.0,63.0,72.0,63.0,72.0
rule-2-3+4+10,499195,13.530000000000001,1719,99.36,0.31,0.29,0.26,0.23,0.19,0.18,2.46,2.5,2.48,2.44,2.42,2.41,62.0,100.0,57.99999999999999,90.0,59.0,83.0,56.99999999999999,79.0,57.99999999999999,75.0,56.99999999999999,75.0
rule-2-3-5+10,2342711,63.49,1724,99.65,0.23,0.28,0.31,0.35,0.39,0.41,2.21,2.3,2.37,2.42,2.48,2.53,61.0,100.0,59.0,88.0,59.0,81.0,60.0,78.0,59.0,75.0,59.0,75.0
rule-2-3-6+10,1840044,49.87,1724,99.65,0.2,0.25,0.26,0.25,0.3,0.31,2.21,2.28,2.33,2.35,2.4,2.45,61.0,100.0,57.99999999999999,88.0,59.0,81.0,59.0,77.0,57.99999999999999,75.0,57.99999999999999,74.0
rule-2-3+7+10,123879,3.36,1511,87.33999999999999,0.25,0.32,0.28,0.19,0.12,0.08,1.86,2.03,2.08,2.01,1.94,1.91,56.00000000000001,100.0,57.99999999999999,81.0,56.99999999999999,75.0,55.00000000000001,72.0,55.00000000000001,69.0,54.0,67.0
rule-2-3+10-11,1517936,41.14,1724,99.65,0.25,0.34,0.38,0.4,0.43,0.42,2.12,2.26,2.35,2.41,2.46,2.48,62.0,100.0,61.0,87.0,60.0,81.0,60.0,77.0,60.0,75.0,57.99999999999999,74.0
rule-2+4-5+10,1577172,42.75,1719,99.36,0.27,0.2,0.15,0.1,0.02,0.01,2.45,2.43,2.38,2.32,2.25,2.23,61.0,100.0,56.99999999999999,90.0,56.00000000000001,83.0,56.00000000000001,78.0,55.00000000000001,75.0,56.00000000000001,73.0
rule-2+4-6+10,1210772,32.82,1719,99.36,0.22,0.15,0.11,0.01,-0.06,-0.06,2.45,2.42,2.36,2.27,2.19,2.18,60.0,100.0,56.00000000000001,90.0,56.99999999999999,83.0,55.00000000000001,77.0,55.00000000000001,74.0,54.0,73.0
rule-2+4+7+10,128567,3.4799999999999995,1503,86.88,0.22,0.26,0.22,0.1,-0.07,-0.16,1.91,2.05,2.07,2.0,1.85,1.75,56.00000000000001,100.0,55.00000000000001,82.0,56.00000000000001,75.0,54.0,71.0,53.0,68.0,52.0,66.0
rule-2+4+10-11,385243,10.440000000000001,1713,99.02,0.3,0.33,0.34,0.29,0.18,0.1,2.14,2.27,2.32,2.32,2.26,2.18,61.0,100.0,59.0,87.0,57.99999999999999,79.0,56.99999999999999,76.0,56.00000000000001,72.0,55.00000000000001,71.0
rule-2-5-6+10,2752491,74.6,1724,99.65,0.17,0.21,0.23,0.23,0.26,0.3,2.2,2.25,2.31,2.33,2.36,2.42,60.0,100.0,57.99999999999999,88.0,59.0,82.0,57.99999999999999,78.0,59.0,76.0,57.99999999999999,74.0
rule-2-5+7+10,208398,5.65,1583,91.5,0.25,0.36,0.35,0.25,0.16,0.14,1.88,2.09,2.16,2.1,2.02,1.99,56.00000000000001,100.0,57.99999999999999,82.0,56.99999999999999,76.0,56.00000000000001,73.0,55.00000000000001,70.0,54.0,68.0
rule-2-5+10-11,1728465,46.85,1724,99.65,0.25,0.35,0.4,0.43,0.45,0.45,2.09,2.24,2.35,2.42,2.46,2.49,62.0,100.0,61.0,87.0,60.0,81.0,60.0,78.0,60.0,75.0,59.0,74.0
rule-2-6+7+10,98000,2.6599999999999997,1478,85.42999999999999,0.18,0.31,0.3,0.17,0.1,0.05,1.81,2.05,2.13,2.05,1.95,1.9,55.00000000000001,100.0,56.00000000000001,81.0,56.99999999999999,74.0,54.0,71.0,54.0,69.0,54.0,67.0
rule-2-6+10-11,1320274,35.78,1724,99.65,0.24,0.33,0.36,0.36,0.39,0.38,2.08,2.22,2.32,2.36,2.4,2.43,62.0,100.0,60.0,87.0,59.0,81.0,59.0,77.0,59.0,75.0,57.99999999999999,73.0
rule-2+7+10-11,179911,4.88,1558,90.06,0.26,0.42,0.43,0.35,0.26,0.23,1.87,2.13,2.26,2.21,2.12,2.09,56.00000000000001,100.0,57.99999999999999,82.0,56.99999999999999,76.0,56.00000000000001,72.0,56.00000000000001,70.0,55.00000000000001,68.0
rule-3+4-5+10,553351,15.0,1719,99.36,0.3,0.29,0.28,0.25,0.23,0.23,2.42,2.48,2.47,2.45,2.44,2.44,61.0,100.0,57.99999999999999,89.0,57.99999999999999,82.0,56.99999999999999,78.0,57.99999999999999,75.0,56.99999999999999,74.0
rule-3+4-6+10,414389,11.23,1719,99.36,0.26,0.25,0.23,0.16,0.15,0.15,2.45,2.48,2.46,2.41,2.38,2.39,61.0,100.0,56.99999999999999,89.0,57.99999999999999,82.0,56.99999999999999,78.0,56.99999999999999,75.0,56.00000000000001,74.0
rule-3+4+7+10,76943,2.09,1426,82.43,0.23,0.37,0.32,0.25,0.09,-0.02,1.89,2.13,2.19,2.16,2.03,1.94,56.99999999999999,100.0,56.99999999999999,81.0,56.99999999999999,75.0,54.0,71.0,53.0,68.0,52.0,66.0
rule-3+4+10-11,254760,6.9,1705,98.55000000000001,0.26,0.31,0.34,0.32,0.21,0.14,2.13,2.27,2.34,2.37,2.31,2.23,60.0,100.0,59.0,86.0,59.0,79.0,57.99999999999999,75.0,56.00000000000001,72.0,55.00000000000001,70.0
rule-3-5-6+10,1943946,52.690000000000005,1724,99.65,0.2,0.26,0.29,0.3,0.35,0.37,2.18,2.27,2.34,2.38,2.44,2.49,61.0,100.0,57.99999999999999,88.0,57.99999999999999,81.0,59.0,77.0,59.0,75.0,57.99999999999999,74.0
rule-3-5+7+10,168703,4.569999999999999,1538,88.9,0.26,0.42,0.42,0.35,0.27,0.23,1.85,2.13,2.23,2.2,2.12,2.09,56.00000000000001,100.0,57.99999999999999,82.0,57.99999999999999,75.0,56.00000000000001,73.0,55.00000000000001,70.0,55.00000000000001,68.0
rule-3-5+10-11,1668310,45.22,1724,99.65,0.25,0.35,0.41,0.45,0.48,0.47,2.1,2.26,2.37,2.44,2.5,2.53,62.0,100.0,61.0,87.0,60.0,82.0,60.0,77.0,60.0,76.0,57.99999999999999,74.0
rule-3-6+7+10,60382,1.6400000000000001,1406,81.27,0.17,0.37,0.4,0.3,0.22,0.14,1.77,2.05,2.19,2.16,2.08,2.0,54.0,100.0,56.99999999999999,80.0,56.99999999999999,74.0,55.00000000000001,71.0,55.00000000000001,68.0,54.0,67.0
rule-3-6+10-11,1278494,34.65,1724,99.65,0.24,0.33,0.37,0.38,0.41,0.4,2.1,2.24,2.34,2.39,2.43,2.47,63.0,100.0,60.0,86.0,59.0,81.0,60.0,77.0,59.0,74.0,57.99999999999999,73.0
rule-3+7+10-11,165803,4.49,1526,88.21,0.25,0.44,0.46,0.4,0.32,0.29,1.86,2.14,2.28,2.26,2.19,2.16,56.00000000000001,100.0,57.99999999999999,82.0,56.99999999999999,75.0,56.00000000000001,73.0,56.00000000000001,70.0,55.00000000000001,68.0
rule+4-5-6+10,1240031,33.61,1719,99.36,0.21,0.15,0.11,0.04,-0.03,-0.02,2.42,2.4,2.35,2.28,2.21,2.21,60.0,100.0,56.00000000000001,90.0,56.00000000000001,82.0,55.00000000000001,77.0,55.00000000000001,74.0,54.0,73.0
rule+4-5+7+10,170502,4.62,1523,88.03,0.21,0.3,0.28,0.18,-0.01,-0.1,1.88,2.08,2.13,2.09,1.95,1.84,56.99999999999999,100.0,56.00000000000001,81.0,55.00000000000001,75.0,54.0,72.0,52.0,68.0,52.0,66.0
rule+4-5+10-11,456739,12.379999999999999,1713,99.02,0.28,0.33,0.34,0.3,0.19,0.12,2.12,2.27,2.32,2.33,2.27,2.19,60.0,100.0,59.0,86.0,57.99999999999999,79.0,56.99999999999999,76.0,56.00000000000001,72.0,55.00000000000001,71.0
rule+4-6+7+10,90195,2.44,1401,80.97999999999999,0.16,0.34,0.38,0.28,0.14,0.09,1.83,2.12,2.24,2.22,2.08,2.0,56.00000000000001,100.0,55.00000000000001,81.0,55.00000000000001,73.0,53.0,70.0,52.0,67.0,51.0,65.0
rule+4-6+10-11,314332,8.52,1699,98.21,0.23,0.29,0.3,0.24,0.13,0.07,2.08,2.25,2.29,2.27,2.22,2.14,60.0,100.0,57.99999999999999,86.0,57.99999999999999,79.0,56.99999999999999,75.0,55.00000000000001,72.0,54.0,70.0
rule+4+7+10-11,139651,3.7800000000000002,1482,85.66,0.22,0.37,0.39,0.29,0.11,0.01,1.89,2.15,2.26,2.23,2.08,1.97,56.99999999999999,100.0,56.00000000000001,82.0,56.00000000000001,75.0,55.00000000000001,72.0,53.0,68.0,52.0,66.0
rule-5-6+7+10,117948,3.2,1491,86.18,0.18,0.37,0.4,0.3,0.24,0.19,1.79,2.09,2.21,2.18,2.1,2.07,55.00000000000001,100.0,56.00000000000001,81.0,56.99999999999999,74.0,55.00000000000001,71.0,54.0,68.0,54.0,66.0
rule-5-6+10-11,1443030,39.11,1724,99.65,0.23,0.34,0.39,0.4,0.43,0.43,2.06,2.22,2.33,2.38,2.43,2.47,62.0,100.0,60.0,87.0,59.0,82.0,60.0,77.0,59.0,75.0,57.99999999999999,73.0
rule-5+7+10-11,236271,6.4,1570,90.75,0.26,0.45,0.48,0.41,0.31,0.27,1.86,2.16,2.3,2.28,2.2,2.15,56.99999999999999,100.0,57.99999999999999,82.0,56.99999999999999,76.0,56.00000000000001,73.0,55.00000000000001,70.0,55.00000000000001,68.0
rule-6+7+10-11,101439,2.75,1452,83.93,0.18,0.43,0.48,0.4,0.36,0.31,1.79,2.13,2.31,2.28,2.22,2.21,55.00000000000001,100.0,56.99999999999999,81.0,56.99999999999999,75.0,56.00000000000001,71.0,54.0,69.0,54.0,67.0
rule+1-2-3+4+10,3014,0.08,194,11.21,0.84,1.38,1.99,2.31,2.57,2.88,3.94,4.64,5.18,5.51,5.78,6.12,61.0,100.0,62.0,76.0,62.0,74.0,63.0,74.0,67.0,73.0,67.0,75.0
rule+1-2-3-5+10,11875,0.32,334,19.31,0.84,0.59,0.5,0.4,0.26,0.21,3.84,3.66,3.67,3.57,3.45,3.23,64.0,100.0,57.99999999999999,75.0,56.00000000000001,70.0,56.99999999999999,70.0,59.0,67.0,56.99999999999999,66.0
rule+1-2-3-6+10,10536,0.29,316,18.27,0.94,0.63,0.27,-0.05,-0.18,-0.45,3.93,3.7,3.54,3.15,3.0,2.7,64.0,100.0,59.0,75.0,55.00000000000001,69.0,56.00000000000001,69.0,59.0,66.0,55.00000000000001,64.0
rule+1-2-3+7+10,1344,0.04,108,6.239999999999999,0.82,1.35,1.86,2.45,1.96,2.65,3.88,4.66,5.1,5.78,5.61,5.74,56.99999999999999,100.0,62.0,76.0,57.99999999999999,72.0,62.0,69.0,61.0,69.0,59.0,67.0
rule+1-2-3+10-11,11100,0.3,310,17.919999999999998,0.9,0.61,0.39,0.18,-0.01,-0.05,3.93,3.66,3.62,3.36,3.21,2.99,65.0,100.0,59.0,76.0,56.99999999999999,71.0,57.99999999999999,70.0,60.0,68.0,56.00000000000001,66.0
rule+1-2+4-5+10,9883,0.27,338,19.54,0.86,1.88,2.64,3.2,3.63,4.1,3.55,4.75,5.66,6.29,6.7,7.22,60.0,100.0,62.0,79.0,61.0,75.0,61.0,74.0,64.0,72.0,64.0,74.0
rule+1-2+4-6+10,8188,0.22,306,17.69,0.8,1.94,2.6,3.17,3.62,4.06,3.54,4.85,5.76,6.3,6.81,7.29,61.0,100.0,62.0,80.0,61.0,75.0,62.0,73.0,64.0,73.0,62.0,73.0
rule+1-2+4+7+10,4876,0.13,222,12.83,0.99,2.32,3.29,3.61,3.9,4.51,3.42,5.22,6.32,6.85,7.1,7.69,64.0,100.0,66.0,82.0,64.0,79.0,62.0,73.0,63.0,72.0,64.0,73.0
rule+1-2+4+10-11,5352,0.15,256,14.799999999999999,0.98,2.02,2.65,3.02,3.28,3.67,3.57,4.95,5.86,6.1,6.4,6.81,65.0,100.0,64.0,81.0,64.0,77.0,63.0,75.0,68.0,75.0,66.0,76.0
rule+1-2-5-6+10,15975,0.43,406,23.47,0.82,1.15,1.28,1.46,1.58,1.72,3.58,4.04,4.37,4.6,4.7,4.83,63.0,100.0,59.0,77.0,56.99999999999999,72.0,57.99999999999999,70.0,60.0,69.0,56.99999999999999,68.0
rule+1-2-5+7+10,4975,0.13,242,13.99,0.85,2.02,2.95,3.22,3.44,4.12,3.39,4.9,5.95,6.47,6.59,7.17,62.0,100.0,64.0,82.0,61.0,77.0,61.0,71.0,62.0,71.0,62.0,71.0
rule+1-2-5+10-11,13936,0.38,365,21.099999999999998,0.85,1.1,1.15,1.19,1.13,1.28,3.61,3.99,4.28,4.29,4.28,4.29,64.0,100.0,61.0,78.0,56.99999999999999,74.0,57.99999999999999,71.0,61.0,71.0,56.00000000000001,69.0
rule+1-2-6+7+10,3300,0.09,189,10.92,0.79,2.42,3.28,3.46,3.53,4.16,3.43,5.34,6.51,6.93,7.03,7.38,63.0,100.0,61.0,82.0,61.0,77.0,60.0,70.0,57.99999999999999,69.0,60.0,69.0
rule+1-2-6+10-11,12332,0.33,344,19.88,0.88,1.08,0.89,0.83,0.74,0.7,3.67,3.98,4.12,3.95,3.92,3.78,66.0,100.0,61.0,78.0,56.99999999999999,73.0,57.99999999999999,71.0,61.0,69.0,56.00000000000001,68.0
rule+1-2+7+10-11,3757,0.1,199,11.5,0.89,2.12,2.84,2.95,2.88,3.52,3.41,5.1,6.13,6.3,6.19,6.58,65.0,100.0,63.0,82.0,61.0,77.0,57.99999999999999,72.0,61.0,70.0,61.0,70.0
rule+1-3+4-5+10,10098,0.27,442,25.55,0.6,1.28,1.71,2.02,2.27,2.31,3.2,3.89,4.37,4.82,5.2,5.32,63.0,100.0,63.0,77.0,59.0,74.0,60.0,72.0,61.0,71.0,61.0,70.0
rule+1-3+4-6+10,7232,0.2,403,23.29,0.56,1.36,1.81,2.12,2.35,2.43,3.22,3.96,4.49,4.9,5.34,5.47,63.0,100.0,62.0,76.0,59.0,73.0,60.0,71.0,60.0,71.0,60.0,70.0
rule+1-3+4+7+10,4499,0.12,235,13.58,0.73,2.0,2.83,3.71,4.09,4.52,3.24,4.67,5.7,6.68,7.25,7.74,66.0,100.0,67.0,82.0,64.0,75.0,62.0,76.0,63.0,70.0,63.0,73.0
rule+1-3+4+10-11,9451,0.26,425,24.57,0.63,1.45,1.89,2.19,2.45,2.54,3.23,3.99,4.54,4.97,5.38,5.54,65.0,100.0,64.0,79.0,62.0,75.0,61.0,74.0,62.0,73.0,62.0,72.0
rule+1-3-5-6+10,27519,0.75,558,32.25,0.85,1.01,1.0,0.97,1.07,0.91,3.39,3.56,3.69,3.72,3.87,3.82,64.0,100.0,59.0,77.0,56.99999999999999,70.0,56.00000000000001,69.0,56.00000000000001,66.0,55.00000000000001,66.0
rule+1-3-5+7+10,5249,0.13999999999999999,264,15.260000000000002,0.66,1.92,2.84,3.46,3.66,4.21,3.08,4.53,5.56,6.42,6.82,7.19,66.0,100.0,66.0,82.0,63.0,75.0,62.0,74.0,62.0,70.0,63.0,72.0
rule+1-3-5+10-11,31209,0.8500000000000001,576,33.29,0.8,1.01,1.11,1.15,1.25,1.23,3.31,3.53,3.75,3.87,4.03,4.07,64.0,100.0,61.0,79.0,59.0,72.0,56.99999999999999,70.0,57.99999999999999,68.0,56.99999999999999,67.0
rule+1-3-6+7+10,2417,0.06999999999999999,185,10.69,0.64,2.48,3.56,4.44,4.74,5.05,3.13,5.18,6.61,7.52,8.19,8.56,66.0,100.0,65.0,79.0,62.0,74.0,62.0,73.0,60.0,69.0,61.0,71.0
rule+1-3-6+10-11,27151,0.74,547,31.619999999999997,0.84,1.02,0.99,0.92,1.02,0.93,3.38,3.53,3.66,3.65,3.82,3.8,65.0,100.0,59.0,78.0,56.99999999999999,71.0,56.99999999999999,69.0,56.00000000000001,67.0,56.00000000000001,67.0
rule+1-3+7+10-11,5576,0.15,263,15.2,0.68,1.88,2.68,3.33,3.63,4.09,3.18,4.53,5.56,6.31,6.75,7.2,67.0,100.0,67.0,82.0,64.0,76.0,62.0,75.0,63.0,71.0,63.0,72.0
rule+1+4-5-6+10,14352,0.38999999999999996,496,28.67,0.67,1.51,2.1,2.6,2.92,3.28,3.14,4.08,4.78,5.41,5.83,6.23,60.0,100.0,61.0,77.0,56.99999999999999,73.0,59.0,72.0,60.0,71.0,60.0,71.0
rule+1+4-5+7+10,10197,0.27999999999999997,352,20.349999999999998,1.0,2.28,3.27,3.87,4.23,4.57,3.19,4.84,5.97,6.79,7.17,7.65,65.0,100.0,67.0,82.0,65.0,79.0,62.0,75.0,65.0,73.0,63.0,74.0
rule+1+4-5+10-11,14798,0.4,499,28.84,0.7,1.64,2.21,2.57,2.82,3.09,3.03,4.1,4.83,5.28,5.66,5.95,64.0,100.0,64.0,79.0,61.0,76.0,60.0,74.0,62.0,72.0,62.0,73.0
rule+1+4-6+7+10,6401,0.16999999999999998,266,15.379999999999999,0.76,2.41,3.36,3.97,4.25,4.73,3.12,5.05,6.32,7.14,7.48,7.98,64.0,100.0,63.0,82.0,62.0,79.0,61.0,72.0,59.0,69.0,59.0,70.0
rule+1+4-6+10-11,10952,0.3,449,25.95,0.63,1.64,2.18,2.58,2.8,3.16,3.05,4.1,4.87,5.32,5.72,6.03,63.0,100.0,63.0,78.0,60.0,75.0,60.0,73.0,61.0,72.0,60.0,72.0
rule+1+4+7+10-11,9032,0.24,322,18.61,0.95,2.31,3.19,3.83,4.16,4.48,3.18,4.85,6.02,6.74,7.19,7.59,67.0,100.0,66.0,82.0,66.0,79.0,61.0,75.0,64.0,73.0,63.0,74.0
rule+1-5-6+7+10,6225,0.16999999999999998,276,15.950000000000001,0.79,2.44,3.53,4.11,4.33,4.85,3.11,5.04,6.42,7.26,7.57,8.02,63.0,100.0,62.0,83.0,62.0,78.0,60.0,72.0,59.0,70.0,59.0,70.0
rule+1-5-6+10-11,30917,0.84,592,34.22,0.83,1.19,1.31,1.4,1.55,1.61,3.24,3.65,3.97,4.13,4.33,4.45,64.0,100.0,60.0,78.0,56.99999999999999,72.0,56.99999999999999,70.0,56.99999999999999,68.0,56.00000000000001,68.0
rule+1-5+7+10-11,9594,0.26,347,20.06,0.9,2.21,3.11,3.63,3.83,4.23,3.11,4.77,5.89,6.52,6.86,7.23,67.0,100.0,67.0,82.0,65.0,78.0,61.0,74.0,64.0,73.0,63.0,73.0
rule+1-6+7+10-11,5670,0.15,255,14.74,0.78,2.41,3.26,3.84,4.0,4.45,3.13,5.05,6.32,6.97,7.28,7.67,66.0,100.0,64.0,82.0,61.0,78.0,60.0,72.0,60.0,69.0,57.99999999999999,69.0
rule-2-3+4-5+10,491280,13.309999999999999,1719,99.36,0.31,0.28,0.26,0.22,0.19,0.18,2.45,2.49,2.46,2.43,2.41,2.41,62.0,100.0,59.0,90.0,57.99999999999999,83.0,56.99999999999999,78.0,57.99999999999999,76.0,56.99999999999999,74.0
rule-2-3+4-6+10,376791,10.209999999999999,1719,99.36,0.27,0.24,0.2,0.12,0.09,0.09,2.48,2.49,2.45,2.38,2.34,2.34,61.0,100.0,57.99999999999999,89.0,57.99999999999999,82.0,56.00000000000001,78.0,56.00000000000001,75.0,56.00000000000001,74.0
rule-2-3+4+7+10,45419,1.23,1364,78.84,0.24,0.31,0.23,0.12,-0.05,-0.17,1.91,2.07,2.08,2.0,1.86,1.75,56.00000000000001,100.0,56.99999999999999,81.0,56.00000000000001,75.0,54.0,71.0,54.0,68.0,52.0,65.0
rule-2-3+4+10-11,194630,5.27,1705,98.55000000000001,0.28,0.31,0.33,0.3,0.21,0.12,2.16,2.28,2.34,2.36,2.31,2.22,59.0,100.0,59.0,86.0,59.0,79.0,56.99999999999999,75.0,56.99999999999999,72.0,56.00000000000001,70.0
rule-2-3-5-6+10,1812287,49.120000000000005,1724,99.65,0.2,0.24,0.26,0.25,0.3,0.31,2.2,2.27,2.32,2.34,2.39,2.44,60.0,100.0,59.0,88.0,57.99999999999999,81.0,59.0,77.0,57.99999999999999,75.0,57.99999999999999,74.0
rule-2-3-5+7+10,120769,3.27,1511,87.33999999999999,0.24,0.32,0.28,0.19,0.12,0.08,1.85,2.03,2.07,2.0,1.93,1.91,56.00000000000001,100.0,57.99999999999999,81.0,56.99999999999999,75.0,55.00000000000001,72.0,56.00000000000001,69.0,54.0,68.0
rule-2-3-5+10-11,1494466,40.5,1724,99.65,0.25,0.34,0.38,0.41,0.43,0.42,2.11,2.25,2.35,2.41,2.46,2.48,62.0,100.0,61.0,87.0,60.0,81.0,60.0,77.0,60.0,75.0,57.99999999999999,74.0
rule-2-3-6+7+10,43790,1.1900000000000002,1359,78.55,0.14,0.21,0.15,0.05,-0.03,-0.1,1.77,1.91,1.93,1.86,1.8,1.71,55.00000000000001,100.0,56.00000000000001,80.0,56.00000000000001,73.0,54.0,70.0,54.0,68.0,53.0,67.0
rule-2-3-6+10-11,1146974,31.09,1724,99.65,0.24,0.31,0.33,0.32,0.35,0.33,2.11,2.23,2.31,2.34,2.37,2.4,62.0,100.0,60.0,87.0,59.0,81.0,59.0,77.0,59.0,74.0,56.99999999999999,74.0
rule-2-3+7+10-11,117951,3.2,1494,86.36,0.23,0.33,0.29,0.22,0.15,0.12,1.86,2.03,2.1,2.04,1.97,1.95,56.00000000000001,100.0,57.99999999999999,81.0,56.99999999999999,76.0,56.00000000000001,72.0,56.00000000000001,69.0,55.00000000000001,68.0
rule-2+4-5-6+10,1192925,32.33,1719,99.36,0.21,0.15,0.1,0.01,-0.06,-0.06,2.44,2.41,2.35,2.27,2.19,2.18,60.0,100.0,56.00000000000001,90.0,56.99999999999999,82.0,55.00000000000001,77.0,55.00000000000001,75.0,54.0,73.0
rule-2+4-5+7+10,126232,3.42,1501,86.76,0.21,0.25,0.21,0.08,-0.09,-0.17,1.9,2.04,2.05,1.98,1.82,1.74,56.00000000000001,100.0,55.00000000000001,82.0,55.00000000000001,76.0,54.0,71.0,53.0,68.0,52.0,66.0
rule-2+4-5+10-11,380476,10.31,1713,99.02,0.29,0.33,0.34,0.3,0.19,0.11,2.13,2.27,2.32,2.33,2.26,2.19,61.0,100.0,59.0,87.0,57.99999999999999,79.0,56.99999999999999,76.0,56.00000000000001,73.0,55.00000000000001,71.0
rule-2+4-6+7+10,71891,1.95,1371,79.25,0.16,0.26,0.22,0.08,-0.09,-0.15,1.85,2.06,2.1,2.0,1.83,1.73,55.00000000000001,100.0,54.0,80.0,55.00000000000001,73.0,53.0,70.0,52.0,66.0,51.0,65.0
rule-2+4-6+10-11,268660,7.28,1698,98.15,0.25,0.29,0.28,0.21,0.1,0.03,2.1,2.26,2.28,2.24,2.19,2.11,60.0,100.0,57.99999999999999,86.0,59.0,79.0,56.00000000000001,75.0,55.00000000000001,72.0,54.0,69.0
rule-2+4+7+10-11,96653,2.62,1450,83.82,0.24,0.37,0.35,0.24,0.06,-0.05,1.91,2.14,2.22,2.16,1.99,1.88,56.99999999999999,100.0,56.00000000000001,82.0,56.00000000000001,76.0,55.00000000000001,72.0,54.0,68.0,52.0,66.0
rule-2-5-6+7+10,95504,2.59,1477,85.38,0.18,0.31,0.3,0.18,0.1,0.04,1.81,2.05,2.12,2.05,1.95,1.89,55.00000000000001,100.0,56.00000000000001,81.0,56.99999999999999,74.0,54.0,71.0,54.0,69.0,54.0,67.0
rule-2-5-6+10-11,1301930,35.29,1724,99.65,0.23,0.33,0.36,0.36,0.38,0.38,2.07,2.21,2.31,2.35,2.39,2.42,62.0,100.0,60.0,87.0,59.0,81.0,60.0,77.0,59.0,75.0,57.99999999999999,73.0
rule-2-5+7+10-11,175802,4.760000000000001,1557,90.0,0.26,0.42,0.43,0.35,0.26,0.23,1.86,2.13,2.25,2.2,2.11,2.08,56.00000000000001,100.0,57.99999999999999,82.0,56.99999999999999,76.0,56.00000000000001,73.0,56.00000000000001,70.0,55.00000000000001,68.0
rule-2-6+7+10-11,79232,2.15,1432,82.77,0.19,0.39,0.39,0.27,0.21,0.17,1.8,2.11,2.23,2.14,2.05,2.02,55.00000000000001,100.0,56.00000000000001,81.0,56.99999999999999,75.0,55.00000000000001,71.0,54.0,69.0,54.0,67.0
rule-3+4-5-6+10,407081,11.03,1719,99.36,0.26,0.25,0.22,0.16,0.15,0.16,2.44,2.47,2.45,2.4,2.38,2.39,60.0,100.0,56.99999999999999,89.0,57.99999999999999,82.0,56.99999999999999,78.0,56.00000000000001,75.0,56.00000000000001,73.0
rule-3+4-5+7+10,75723,2.0500000000000003,1423,82.25,0.23,0.38,0.36,0.29,0.12,0.02,1.88,2.14,2.22,2.19,2.06,1.96,56.00000000000001,100.0,56.99999999999999,81.0,56.99999999999999,75.0,55.00000000000001,71.0,53.0,68.0,52.0,66.0
rule-3+4-5+10-11,251724,6.819999999999999,1705,98.55000000000001,0.26,0.31,0.34,0.32,0.22,0.14,2.12,2.27,2.33,2.37,2.31,2.24,60.0,100.0,59.0,85.0,59.0,79.0,56.99999999999999,75.0,56.00000000000001,72.0,55.00000000000001,70.0
rule-3+4-6+7+10,32684,0.89,1263,73.00999999999999,0.19,0.41,0.47,0.39,0.21,0.13,1.81,2.15,2.31,2.31,2.17,2.05,56.00000000000001,100.0,56.99999999999999,79.0,56.00000000000001,73.0,54.0,70.0,52.0,67.0,52.0,65.0
rule-3+4-6+10-11,164918,4.47,1686,97.46000000000001,0.21,0.29,0.3,0.25,0.14,0.08,2.09,2.25,2.32,2.3,2.25,2.17,59.0,100.0,57.99999999999999,85.0,57.99999999999999,78.0,56.00000000000001,74.0,55.00000000000001,71.0,55.00000000000001,70.0
rule-3+4+7+10-11,70819,1.92,1397,80.75,0.23,0.4,0.39,0.33,0.17,0.06,1.9,2.17,2.27,2.26,2.13,2.03,56.99999999999999,100.0,56.99999999999999,81.0,56.99999999999999,75.0,55.00000000000001,72.0,54.0,68.0,53.0,67.0
rule-3-5-6+7+10,58431,1.58,1405,81.21000000000001,0.16,0.37,0.4,0.3,0.22,0.14,1.75,2.05,2.18,2.15,2.08,2.0,55.00000000000001,100.0,56.99999999999999,80.0,56.99999999999999,73.0,55.00000000000001,71.0,55.00000000000001,68.0,54.0,67.0
rule-3-5-6+10-11,1261434,34.19,1724,99.65,0.23,0.33,0.37,0.37,0.41,0.4,2.09,2.23,2.33,2.38,2.42,2.46,62.0,100.0,59.0,86.0,59.0,81.0,60.0,77.0,59.0,74.0,57.99999999999999,73.0
rule-3-5+7+10-11,161692,4.38,1526,88.21,0.25,0.45,0.47,0.42,0.33,0.3,1.85,2.15,2.29,2.27,2.2,2.17,56.00000000000001,100.0,57.99999999999999,82.0,57.99999999999999,75.0,56.00000000000001,73.0,56.00000000000001,71.0,55.00000000000001,68.0
rule-3-6+7+10-11,57500,1.5599999999999998,1389,80.28999999999999,0.15,0.37,0.43,0.34,0.26,0.19,1.78,2.06,2.23,2.21,2.14,2.07,54.0,100.0,56.99999999999999,80.0,56.99999999999999,74.0,55.00000000000001,71.0,55.00000000000001,69.0,54.0,68.0
rule+4-5-6+7+10,88367,2.39,1399,80.87,0.16,0.35,0.4,0.31,0.14,0.08,1.82,2.12,2.24,2.23,2.08,1.99,56.00000000000001,100.0,55.00000000000001,81.0,55.00000000000001,73.0,53.0,70.0,52.0,67.0,51.0,65.0
rule+4-5-6+10-11,309815,8.4,1699,98.21,0.23,0.29,0.29,0.24,0.13,0.06,2.06,2.24,2.28,2.26,2.21,2.13,60.0,100.0,57.99999999999999,86.0,57.99999999999999,79.0,56.00000000000001,75.0,54.0,72.0,54.0,69.0
rule+4-5+7+10-11,137392,3.7199999999999998,1479,85.49,0.22,0.38,0.4,0.3,0.1,0.0,1.87,2.15,2.27,2.23,2.08,1.96,56.99999999999999,100.0,56.00000000000001,82.0,56.00000000000001,75.0,55.00000000000001,72.0,53.0,68.0,52.0,66.0
rule+4-6+7+10-11,70943,1.92,1343,77.63,0.17,0.4,0.47,0.37,0.22,0.18,1.83,2.16,2.33,2.31,2.17,2.11,56.00000000000001,100.0,56.00000000000001,80.0,55.00000000000001,74.0,55.00000000000001,70.0,52.0,67.0,52.0,66.0
rule-5-6+7+10-11,98738,2.68,1451,83.87,0.18,0.42,0.47,0.38,0.33,0.29,1.78,2.12,2.29,2.26,2.2,2.18,55.00000000000001,100.0,56.99999999999999,81.0,56.99999999999999,75.0,56.00000000000001,72.0,54.0,69.0,54.0,67.0
rule+1-2-3+4-5+10,2920,0.08,190,10.979999999999999,0.84,1.4,2.12,2.43,2.69,2.94,3.95,4.66,5.29,5.68,5.94,6.26,61.0,100.0,62.0,76.0,63.0,74.0,64.0,75.0,68.0,74.0,68.0,76.0
rule+1-2-3+4-6+10,2100,0.06,175,10.12,0.82,1.52,2.15,2.45,2.97,3.1,3.92,4.74,5.4,5.66,6.1,6.5,61.0,100.0,62.0,76.0,62.0,73.0,63.0,73.0,69.0,74.0,67.0,75.0
rule+1-2-3+4+7+10,841,0.02,72,4.16,1.22,1.85,2.88,4.05,4.05,5.32,4.13,5.42,6.01,7.21,7.64,8.39,61.0,100.0,67.0,78.0,65.0,76.0,65.0,74.0,67.0,74.0,67.0,72.0
rule+1-2-3+4+10-11,2110,0.06,161,9.31,0.94,1.63,2.37,2.67,3.0,3.57,4.09,4.82,5.6,5.85,6.2,6.83,64.0,100.0,64.0,77.0,66.0,77.0,66.0,77.0,71.0,78.0,70.0,79.0
rule+1-2-3-5-6+10,10380,0.27999999999999997,310,17.919999999999998,0.98,0.7,0.46,0.18,0.09,-0.16,3.96,3.78,3.73,3.42,3.26,2.99,64.0,100.0,59.0,75.0,56.00000000000001,70.0,56.00000000000001,69.0,60.0,67.0,55.00000000000001,65.0
rule+1-2-3-5+7+10,1208,0.03,107,6.18,0.71,1.19,1.7,2.32,1.9,2.65,3.86,4.51,4.95,5.67,5.49,5.71,56.99999999999999,100.0,61.0,76.0,57.99999999999999,72.0,61.0,68.0,61.0,68.0,57.99999999999999,66.0
rule+1-2-3-5+10-11,10848,0.29,304,17.57,0.91,0.63,0.48,0.28,0.08,0.02,3.95,3.7,3.7,3.49,3.34,3.09,65.0,100.0,59.0,76.0,57.99999999999999,72.0,57.99999999999999,71.0,61.0,69.0,56.99999999999999,66.0
rule+1-2-3-6+7+10,357,0.01,70,4.05,0.77,1.71,1.76,2.79,2.72,3.4,3.8,5.12,5.39,5.83,6.37,6.64,56.99999999999999,100.0,63.0,74.0,61.0,71.0,59.0,66.0,59.0,64.0,56.99999999999999,64.0
rule+1-2-3-6+10-11,9709,0.26,290,16.76,0.99,0.62,0.21,-0.16,-0.36,-0.6,4.01,3.68,3.53,3.05,2.91,2.58,65.0,100.0,60.0,76.0,56.99999999999999,71.0,56.99999999999999,69.0,60.0,68.0,55.00000000000001,64.0
rule+1-2-3+7+10-11,1277,0.03,102,5.8999999999999995,0.91,1.41,1.86,2.28,1.81,2.37,4.01,4.82,5.23,5.78,5.46,5.59,57.99999999999999,100.0,62.0,77.0,60.0,73.0,63.0,70.0,62.0,70.0,57.99999999999999,67.0
rule+1-2+4-5-6+10,7615,0.21,298,17.23,0.81,1.96,2.72,3.31,3.8,4.23,3.56,4.85,5.82,6.47,6.97,7.45,61.0,100.0,62.0,80.0,62.0,76.0,63.0,73.0,65.0,73.0,63.0,74.0
rule+1-2+4-5+7+10,4570,0.12,218,12.6,1.01,2.29,3.28,3.62,3.96,4.65,3.45,5.2,6.28,6.85,7.11,7.78,64.0,100.0,66.0,83.0,63.0,79.0,62.0,73.0,63.0,72.0,65.0,73.0
rule+1-2+4-5+10-11,5108,0.13999999999999999,250,14.45,1.01,2.16,2.88,3.24,3.42,3.85,3.58,5.06,6.06,6.32,6.58,6.99,65.0,100.0,65.0,81.0,64.0,78.0,64.0,76.0,68.0,76.0,66.0,77.0
rule+1-2+4-6+7+10,3129,0.08,177,10.23,0.81,2.59,3.48,3.66,3.73,4.36,3.39,5.48,6.72,7.16,7.28,7.64,65.0,100.0,63.0,82.0,64.0,78.0,61.0,71.0,60.0,69.0,61.0,70.0
rule+1-2+4-6+10-11,4016,0.11,226,13.059999999999999,0.92,2.29,2.81,3.22,3.55,3.84,3.57,5.14,6.14,6.35,6.75,7.02,66.0,100.0,65.0,81.0,64.0,78.0,65.0,75.0,69.0,76.0,64.0,76.0
rule+1-2+4+7+10-11,3253,0.09,174,10.059999999999999,1.13,2.46,3.29,3.45,3.54,4.2,3.48,5.49,6.61,6.8,6.87,7.35,68.0,100.0,64.0,83.0,64.0,78.0,60.0,74.0,63.0,72.0,64.0,73.0
rule+1-2-5-6+7+10,3004,0.08,185,10.69,0.76,2.32,3.22,3.38,3.47,4.14,3.4,5.23,6.45,6.89,6.94,7.36,63.0,100.0,61.0,82.0,61.0,77.0,60.0,70.0,57.99999999999999,69.0,60.0,68.0
rule+1-2-5-6+10-11,12033,0.33,338,19.54,0.89,1.13,1.03,0.96,0.86,0.8,3.68,4.03,4.25,4.12,4.07,3.92,66.0,100.0,61.0,78.0,56.99999999999999,74.0,59.0,71.0,61.0,70.0,56.00000000000001,69.0
rule+1-2-5+7+10-11,3504,0.09,197,11.39,0.9,2.14,2.81,2.88,2.78,3.48,3.41,5.12,6.13,6.23,6.1,6.51,64.0,100.0,63.0,82.0,61.0,77.0,57.99999999999999,72.0,61.0,70.0,61.0,70.0
rule+1-2-6+7+10-11,2249,0.06,152,8.790000000000001,1.06,2.95,3.31,3.26,3.05,3.58,3.54,5.89,6.98,6.84,6.67,6.8,68.0,100.0,64.0,84.0,62.0,77.0,57.99999999999999,70.0,57.99999999999999,68.0,59.0,69.0
rule+1-3+4-5-6+10,7017,0.19,396,22.89,0.55,1.37,1.87,2.2,2.45,2.5,3.19,3.96,4.54,5.0,5.47,5.59,62.0,100.0,62.0,76.0,59.0,73.0,59.0,71.0,60.0,71.0,60.0,70.0
rule+1-3+4-5+7+10,4326,0.12,230,13.29,0.76,2.15,3.1,3.95,4.34,4.87,3.14,4.77,5.86,6.92,7.51,7.99,66.0,100.0,67.0,82.0,64.0,76.0,63.0,76.0,64.0,70.0,64.0,73.0
rule+1-3+4-5+10-11,9157,0.25,419,24.22,0.62,1.45,1.95,2.26,2.53,2.61,3.19,3.99,4.59,5.06,5.47,5.63,65.0,100.0,64.0,79.0,62.0,75.0,61.0,74.0,63.0,73.0,62.0,72.0
rule+1-3+4-6+7+10,2074,0.06,168,9.71,0.62,2.63,3.79,4.95,5.31,5.58,3.08,5.31,6.87,8.0,8.85,9.24,66.0,100.0,67.0,79.0,62.0,75.0,63.0,73.0,62.0,70.0,64.0,73.0
rule+1-3+4-6+10-11,6518,0.18,384,22.2,0.55,1.53,2.05,2.38,2.6,2.74,3.19,4.03,4.7,5.14,5.6,5.76,64.0,100.0,64.0,77.0,61.0,74.0,61.0,73.0,62.0,73.0,62.0,73.0
rule+1-3+4+7+10-11,4408,0.12,228,13.18,0.77,2.09,2.96,3.85,4.31,4.71,3.27,4.77,5.89,6.85,7.47,7.99,67.0,100.0,67.0,82.0,65.0,76.0,63.0,76.0,64.0,71.0,64.0,74.0
rule+1-3-5-6+7+10,2201,0.06,179,10.35,0.65,2.72,4.0,4.97,5.16,5.56,3.03,5.31,6.9,8.0,8.71,8.96,65.0,100.0,65.0,81.0,63.0,75.0,63.0,74.0,61.0,70.0,63.0,73.0
rule+1-3-5-6+10-11,26673,0.72,537,31.04,0.86,1.07,1.06,1.03,1.14,1.0,3.39,3.58,3.74,3.77,3.94,3.92,65.0,100.0,60.0,78.0,56.99999999999999,71.0,56.99999999999999,69.0,56.00000000000001,68.0,55.00000000000001,67.0
rule+1-3-5+7+10-11,5166,0.13999999999999999,256,14.799999999999999,0.69,2.01,2.93,3.56,3.81,4.34,3.11,4.62,5.69,6.54,6.95,7.38,66.0,100.0,66.0,82.0,64.0,76.0,62.0,75.0,63.0,71.0,64.0,72.0
rule+1-3-6+7+10-11,2401,0.06999999999999999,182,10.52,0.66,2.48,3.59,4.46,4.79,5.1,3.15,5.21,6.67,7.58,8.25,8.65,66.0,100.0,65.0,79.0,62.0,74.0,62.0,74.0,60.0,70.0,62.0,72.0
rule+1+4-5-6+7+10,5989,0.16,261,15.09,0.85,2.54,3.55,4.18,4.45,4.96,3.13,5.18,6.5,7.35,7.7,8.19,64.0,100.0,64.0,83.0,62.0,79.0,61.0,72.0,59.0,70.0,59.0,71.0
rule+1+4-5-6+10-11,10498,0.27999999999999997,442,25.55,0.62,1.65,2.22,2.64,2.83,3.17,3.02,4.1,4.89,5.4,5.78,6.06,63.0,100.0,63.0,78.0,60.0,75.0,60.0,73.0,61.0,72.0,61.0,72.0
rule+1+4-5+7+10-11,8663,0.22999999999999998,317,18.32,1.01,2.39,3.32,3.96,4.27,4.66,3.16,4.95,6.12,6.86,7.31,7.74,68.0,100.0,67.0,83.0,66.0,79.0,61.0,75.0,65.0,74.0,63.0,74.0
rule+1+4-6+7+10-11,5325,0.13999999999999999,239,13.819999999999999,0.81,2.5,3.29,3.93,4.11,4.55,3.13,5.16,6.4,7.09,7.42,7.85,67.0,100.0,64.0,82.0,62.0,79.0,59.0,72.0,60.0,69.0,59.0,70.0
rule+1-5-6+7+10-11,5276,0.13999999999999999,250,14.45,0.83,2.54,3.48,4.06,4.14,4.64,3.1,5.15,6.51,7.19,7.47,7.83,66.0,100.0,64.0,82.0,61.0,79.0,60.0,72.0,60.0,71.0,57.99999999999999,71.0
rule-2-3+4-5-6+10,370131,10.03,1719,99.36,0.26,0.23,0.19,0.12,0.09,0.09,2.47,2.48,2.44,2.37,2.33,2.34,60.0,100.0,57.99999999999999,90.0,57.99999999999999,82.0,56.00000000000001,78.0,56.00000000000001,75.0,56.00000000000001,74.0
rule-2-3+4-5+7+10,44719,1.21,1360,78.61,0.23,0.3,0.22,0.1,-0.06,-0.17,1.9,2.05,2.07,1.98,1.83,1.74,56.00000000000001,100.0,56.99999999999999,81.0,56.00000000000001,76.0,55.00000000000001,71.0,54.0,68.0,52.0,66.0
rule-2-3+4-5+10-11,192554,5.220000000000001,1704,98.5,0.28,0.31,0.33,0.3,0.21,0.13,2.15,2.27,2.33,2.35,2.3,2.23,59.0,100.0,59.0,86.0,59.0,79.0,56.99999999999999,75.0,56.99999999999999,72.0,56.00000000000001,70.0
rule-2-3+4-6+7+10,20600,0.5599999999999999,1166,67.4,0.15,0.23,0.16,0.0,-0.19,-0.25,1.8,1.97,1.98,1.88,1.72,1.59,55.00000000000001,100.0,56.00000000000001,78.0,56.00000000000001,73.0,52.0,69.0,52.0,66.0,51.0,64.0
rule-2-3+4-6+10-11,129042,3.5000000000000004,1684,97.34,0.24,0.29,0.27,0.2,0.1,0.01,2.12,2.27,2.31,2.25,2.21,2.12,59.0,100.0,57.99999999999999,85.0,57.99999999999999,78.0,56.00000000000001,74.0,56.00000000000001,72.0,55.00000000000001,69.0
rule-2-3+4+7+10-11,40529,1.0999999999999999,1324,76.53,0.24,0.33,0.27,0.17,-0.01,-0.13,1.92,2.08,2.13,2.06,1.91,1.79,56.00000000000001,100.0,56.99999999999999,81.0,56.00000000000001,75.0,54.0,72.0,54.0,68.0,53.0,66.0
rule-2-3-5-6+7+10,42384,1.15,1356,78.38000000000001,0.15,0.24,0.17,0.06,-0.04,-0.11,1.76,1.92,1.95,1.86,1.79,1.69,54.0,100.0,56.00000000000001,79.0,56.00000000000001,73.0,54.0,70.0,54.0,68.0,54.0,67.0
rule-2-3-5-6+10-11,1131624,30.669999999999998,1724,99.65,0.23,0.3,0.32,0.32,0.34,0.33,2.1,2.22,2.3,2.33,2.36,2.39,62.0,100.0,60.0,87.0,59.0,81.0,59.0,77.0,59.0,74.0,56.99999999999999,73.0
rule-2-3-5+7+10-11,115006,3.1199999999999997,1494,86.36,0.23,0.33,0.29,0.21,0.15,0.12,1.85,2.03,2.1,2.03,1.97,1.95,56.00000000000001,100.0,57.99999999999999,81.0,56.99999999999999,75.0,56.00000000000001,72.0,56.00000000000001,69.0,55.00000000000001,68.0
rule-2-3-6+7+10-11,41484,1.1199999999999999,1332,76.99000000000001,0.13,0.22,0.16,0.07,-0.0,-0.05,1.77,1.92,1.96,1.88,1.83,1.75,54.0,100.0,56.99999999999999,80.0,56.00000000000001,73.0,55.00000000000001,70.0,55.00000000000001,68.0,55.00000000000001,67.0
rule-2+4-5-6+7+10,70505,1.91,1369,79.13,0.16,0.25,0.21,0.06,-0.11,-0.17,1.84,2.04,2.08,1.98,1.81,1.71,55.00000000000001,100.0,54.0,80.0,55.00000000000001,73.0,53.0,70.0,52.0,66.0,51.0,65.0
rule-2+4-5-6+10-11,265138,7.19,1696,98.03,0.24,0.28,0.28,0.21,0.11,0.03,2.08,2.25,2.27,2.23,2.18,2.11,60.0,100.0,57.99999999999999,87.0,59.0,78.0,56.00000000000001,75.0,55.00000000000001,72.0,54.0,69.0
rule-2+4-5+7+10-11,95181,2.58,1447,83.64,0.23,0.36,0.33,0.21,0.03,-0.07,1.89,2.13,2.21,2.12,1.95,1.86,56.99999999999999,100.0,56.00000000000001,82.0,56.00000000000001,76.0,55.00000000000001,72.0,54.0,68.0,52.0,66.0
rule-2+4-6+7+10-11,53600,1.4500000000000002,1303,75.32,0.18,0.36,0.34,0.19,0.02,-0.01,1.84,2.13,2.24,2.12,1.95,1.88,55.00000000000001,100.0,55.00000000000001,80.0,56.00000000000001,73.0,54.0,70.0,53.0,67.0,52.0,65.0
rule-2-5-6+7+10-11,77261,2.09,1430,82.66,0.19,0.4,0.38,0.27,0.2,0.16,1.79,2.1,2.23,2.13,2.04,2.0,55.00000000000001,100.0,56.00000000000001,81.0,56.99999999999999,74.0,55.00000000000001,71.0,54.0,69.0,55.00000000000001,67.0
rule-3+4-5-6+7+10,32022,0.8699999999999999,1258,72.72,0.19,0.43,0.5,0.42,0.23,0.16,1.79,2.15,2.32,2.32,2.19,2.06,56.00000000000001,100.0,56.99999999999999,79.0,56.00000000000001,73.0,54.0,69.0,53.0,67.0,52.0,66.0
rule-3+4-5-6+10-11,162813,4.41,1685,97.39999999999999,0.21,0.3,0.3,0.24,0.14,0.07,2.07,2.24,2.31,2.28,2.24,2.17,59.0,100.0,57.99999999999999,85.0,57.99999999999999,78.0,56.00000000000001,74.0,55.00000000000001,71.0,54.0,69.0
rule-3+4-5+7+10-11,69752,1.8900000000000001,1394,80.58,0.23,0.42,0.42,0.37,0.2,0.1,1.89,2.18,2.3,2.28,2.16,2.06,56.99999999999999,100.0,56.99999999999999,81.0,56.99999999999999,75.0,55.00000000000001,72.0,54.0,68.0,53.0,67.0
rule-3+4-6+7+10-11,30093,0.8200000000000001,1229,71.04,0.17,0.42,0.5,0.44,0.25,0.18,1.82,2.15,2.35,2.37,2.22,2.13,56.00000000000001,100.0,56.00000000000001,79.0,56.00000000000001,74.0,54.0,70.0,53.0,66.0,52.0,66.0
rule-3-5-6+7+10-11,55654,1.51,1388,80.23,0.15,0.38,0.43,0.35,0.26,0.19,1.76,2.06,2.22,2.21,2.13,2.07,54.0,100.0,56.99999999999999,80.0,56.99999999999999,74.0,55.00000000000001,71.0,55.00000000000001,68.0,54.0,67.0
rule+4-5-6+7+10-11,69637,1.8900000000000001,1340,77.46,0.17,0.41,0.48,0.38,0.22,0.17,1.81,2.16,2.33,2.31,2.17,2.1,56.00000000000001,100.0,56.00000000000001,80.0,55.00000000000001,73.0,55.00000000000001,70.0,53.0,67.0,52.0,66.0
rule+1-2-3+4-5-6+10,2039,0.06,171,9.879999999999999,0.85,1.56,2.29,2.53,3.02,3.08,3.93,4.76,5.51,5.78,6.19,6.56,61.0,100.0,63.0,75.0,63.0,72.0,63.0,73.0,69.0,74.0,67.0,75.0
rule+1-2-3+4-5+7+10,805,0.02,72,4.16,1.16,1.79,2.82,4.01,3.99,5.31,4.12,5.35,5.95,7.16,7.6,8.35,61.0,100.0,67.0,79.0,65.0,76.0,65.0,75.0,67.0,74.0,67.0,72.0
rule+1-2-3+4-5+10-11,2041,0.06,156,9.02,1.0,1.8,2.73,3.05,3.31,3.9,4.14,5.0,5.88,6.25,6.58,7.2,64.0,100.0,64.0,78.0,67.0,78.0,67.0,78.0,73.0,79.0,72.0,81.0
rule+1-2-3+4-6+7+10,187,0.01,49,2.83,1.1,2.79,3.32,5.03,5.54,6.65,3.87,6.0,6.9,7.88,9.03,9.86,61.0,100.0,71.0,82.0,69.0,76.0,67.0,73.0,67.0,73.0,67.0,76.0
rule+1-2-3+4-6+10-11,1411,0.04,145,8.38,0.82,1.77,2.46,2.99,3.69,4.21,3.99,4.87,5.75,6.05,6.75,7.52,63.0,100.0,65.0,77.0,66.0,77.0,66.0,76.0,72.0,79.0,71.0,79.0
rule+1-2-3+4+7+10-11,775,0.02,65,3.7600000000000002,1.52,2.05,3.14,3.94,4.05,5.25,4.4,5.76,6.45,7.44,7.74,8.48,66.0,100.0,66.0,80.0,68.0,75.0,66.0,74.0,68.0,75.0,66.0,72.0
rule+1-2-3-5-6+7+10,299,0.01,68,3.93,0.57,1.42,1.57,2.59,2.51,3.33,3.66,4.81,5.17,5.65,6.16,6.53,56.00000000000001,100.0,60.0,74.0,59.0,71.0,59.0,66.0,56.99999999999999,65.0,56.99999999999999,65.0
rule+1-2-3-5-6+10-11,9565,0.26,284,16.42,1.04,0.71,0.42,0.09,-0.07,-0.29,4.05,3.77,3.74,3.35,3.18,2.9,65.0,100.0,60.0,76.0,57.99999999999999,71.0,57.99999999999999,70.0,61.0,68.0,55.00000000000001,65.0
rule+1-2-3-5+7+10-11,1150,0.03,101,5.84,0.81,1.29,1.75,2.22,1.79,2.43,4.0,4.69,5.12,5.72,5.39,5.61,56.99999999999999,100.0,60.0,77.0,59.0,72.0,61.0,69.0,61.0,69.0,56.00000000000001,66.0
rule+1-2-3-6+7+10-11,347,0.01,64,3.6999999999999997,1.08,2.01,1.94,3.04,2.92,3.56,3.96,5.41,5.68,6.05,6.64,6.93,59.0,100.0,64.0,77.0,61.0,72.0,59.0,66.0,59.0,66.0,57.99999999999999,66.0
rule+1-2+4-5-6+7+10,2874,0.08,173,10.0,0.81,2.46,3.42,3.65,3.84,4.53,3.4,5.37,6.62,7.18,7.29,7.76,65.0,100.0,62.0,83.0,63.0,78.0,61.0,71.0,60.0,71.0,61.0,70.0
rule+1-2+4-5-6+10-11,3811,0.1,220,12.72,0.94,2.43,3.09,3.5,3.81,4.15,3.58,5.23,6.38,6.67,7.02,7.32,67.0,100.0,66.0,81.0,65.0,80.0,66.0,75.0,70.0,78.0,66.0,77.0
rule+1-2+4-5+7+10-11,3100,0.08,172,9.94,1.16,2.49,3.26,3.37,3.42,4.15,3.48,5.53,6.62,6.72,6.76,7.28,68.0,100.0,65.0,83.0,64.0,78.0,60.0,73.0,63.0,73.0,64.0,73.0
rule+1-2+4-6+7+10-11,2078,0.06,138,7.9799999999999995,1.19,3.23,3.69,3.72,3.53,4.1,3.52,6.16,7.35,7.31,7.13,7.34,72.0,100.0,66.0,86.0,65.0,79.0,60.0,72.0,61.0,71.0,62.0,72.0
rule+1-2-5-6+7+10-11,2079,0.06,149,8.61,1.02,2.85,3.24,3.15,2.91,3.51,3.49,5.79,6.92,6.77,6.53,6.72,68.0,100.0,64.0,85.0,62.0,77.0,57.99999999999999,70.0,57.99999999999999,68.0,59.0,68.0
rule+1-3+4-5-6+7+10,1967,0.05,164,9.48,0.7,2.97,4.23,5.42,5.78,6.14,2.99,5.57,7.21,8.45,9.39,9.67,66.0,100.0,68.0,81.0,64.0,76.0,64.0,74.0,64.0,71.0,65.0,74.0
rule+1-3+4-5-6+10-11,6314,0.16999999999999998,377,21.790000000000003,0.55,1.55,2.13,2.5,2.72,2.83,3.16,4.05,4.77,5.27,5.75,5.89,63.0,100.0,64.0,77.0,62.0,74.0,60.0,73.0,62.0,73.0,62.0,73.0
rule+1-3+4-5+7+10-11,4244,0.12,223,12.889999999999999,0.8,2.25,3.25,4.11,4.57,5.07,3.17,4.87,6.06,7.11,7.74,8.26,66.0,100.0,67.0,82.0,65.0,77.0,64.0,77.0,65.0,71.0,65.0,74.0
rule+1-3+4-6+7+10-11,2058,0.06,165,9.54,0.64,2.64,3.83,4.97,5.38,5.65,3.11,5.35,6.93,8.07,8.92,9.35,67.0,100.0,67.0,79.0,63.0,76.0,64.0,74.0,63.0,71.0,64.0,74.0
rule+1-3-5-6+7+10-11,2185,0.06,176,10.17,0.68,2.73,4.06,5.03,5.23,5.61,3.05,5.35,6.96,8.08,8.8,9.08,66.0,100.0,65.0,81.0,63.0,76.0,63.0,75.0,62.0,71.0,63.0,73.0
rule+1+4-5-6+7+10-11,5040,0.13999999999999999,235,13.58,0.9,2.66,3.5,4.14,4.29,4.76,3.12,5.31,6.61,7.3,7.64,8.02,67.0,100.0,66.0,83.0,62.0,80.0,60.0,72.0,60.0,71.0,59.0,71.0
rule-2-3+4-5-6+7+10,20216,0.5499999999999999,1161,67.11,0.14,0.22,0.14,-0.02,-0.21,-0.27,1.78,1.94,1.96,1.85,1.68,1.56,55.00000000000001,100.0,56.00000000000001,78.0,56.00000000000001,73.0,53.0,69.0,52.0,66.0,52.0,65.0
rule-2-3+4-5-6+10-11,127562,3.46,1681,97.17,0.23,0.29,0.27,0.2,0.11,0.03,2.11,2.26,2.3,2.25,2.2,2.12,59.0,100.0,57.99999999999999,85.0,57.99999999999999,78.0,56.00000000000001,74.0,56.00000000000001,71.0,54.0,69.0
rule-2-3+4-5+7+10-11,39972,1.08,1321,76.36,0.22,0.31,0.26,0.15,-0.03,-0.13,1.9,2.07,2.11,2.03,1.88,1.78,55.00000000000001,100.0,56.99999999999999,81.0,56.00000000000001,75.0,54.0,71.0,54.0,68.0,53.0,66.0
rule-2-3+4-6+7+10-11,18574,0.5,1119,64.68,0.13,0.24,0.18,0.04,-0.16,-0.2,1.81,1.97,2.01,1.93,1.75,1.64,54.0,100.0,56.99999999999999,78.0,56.99999999999999,73.0,53.0,69.0,53.0,66.0,53.0,65.0
rule-2-3-5-6+7+10-11,40177,1.09,1328,76.75999999999999,0.13,0.25,0.18,0.08,-0.01,-0.06,1.76,1.93,1.97,1.89,1.82,1.73,54.0,100.0,56.99999999999999,80.0,56.99999999999999,73.0,55.00000000000001,70.0,55.00000000000001,68.0,55.00000000000001,67.0
rule-2+4-5-6+7+10-11,52727,1.43,1300,75.14,0.17,0.35,0.32,0.16,-0.01,-0.04,1.83,2.11,2.22,2.09,1.91,1.85,55.00000000000001,100.0,55.00000000000001,80.0,56.00000000000001,73.0,54.0,70.0,53.0,67.0,52.0,65.0
rule-3+4-5-6+7+10-11,29525,0.8,1224,70.75,0.17,0.43,0.53,0.47,0.27,0.21,1.8,2.15,2.37,2.39,2.25,2.14,56.00000000000001,100.0,56.00000000000001,79.0,56.00000000000001,74.0,54.0,69.0,53.0,66.0,52.0,66.0
rule+1-2-3+4-5-6+7+10,170,0.0,49,2.83,1.07,2.78,3.37,5.08,5.57,6.64,3.85,5.97,6.92,7.91,9.1,9.85,61.0,100.0,69.0,82.0,67.0,76.0,67.0,76.0,67.0,73.0,67.0,76.0
rule+1-2-3+4-5-6+10-11,1361,0.04,140,8.09,0.91,1.97,2.85,3.36,3.95,4.48,4.04,5.05,6.06,6.42,7.08,7.84,64.0,100.0,66.0,76.0,66.0,76.0,67.0,77.0,74.0,81.0,72.0,81.0
rule+1-2-3+4-5+7+10-11,748,0.02,65,3.7600000000000002,1.47,2.02,3.16,3.99,4.05,5.32,4.39,5.72,6.44,7.46,7.74,8.51,66.0,100.0,66.0,82.0,68.0,75.0,66.0,75.0,68.0,75.0,66.0,72.0
rule+1-2-3+4-6+7+10-11,177,0.0,43,2.4899999999999998,1.63,3.49,3.89,5.76,6.3,7.41,4.13,6.67,7.65,8.57,9.83,10.8,67.0,100.0,74.0,86.0,70.0,77.0,70.0,74.0,70.0,77.0,70.0,79.0
rule+1-2-3-5-6+7+10-11,289,0.01,62,3.58,0.87,1.7,1.73,2.82,2.71,3.49,3.82,5.08,5.44,5.86,6.42,6.82,57.99999999999999,100.0,61.0,76.0,57.99999999999999,71.0,60.0,66.0,57.99999999999999,66.0,57.99999999999999,66.0
rule+1-2+4-5-6+7+10-11,1949,0.05,136,7.86,1.2,3.17,3.61,3.59,3.43,4.05,3.51,6.11,7.3,7.23,7.01,7.26,72.0,100.0,66.0,86.0,65.0,79.0,60.0,72.0,61.0,71.0,62.0,72.0
rule+1-3+4-5-6+7+10-11,1951,0.05,161,9.31,0.72,2.99,4.3,5.49,5.88,6.21,3.01,5.61,7.3,8.55,9.5,9.81,67.0,100.0,68.0,81.0,65.0,76.0,65.0,75.0,65.0,72.0,65.0,75.0
rule-2-3+4-5-6+7+10-11,18278,0.5,1113,64.34,0.12,0.23,0.17,0.02,-0.18,-0.22,1.79,1.95,2.0,1.9,1.72,1.61,54.0,100.0,56.99999999999999,78.0,56.99999999999999,73.0,53.0,69.0,53.0,66.0,53.0,65.0
rule+1-2-3+4-5-6+7+10-11,160,0.0,43,2.4899999999999998,1.59,3.49,3.94,5.81,6.34,7.4,4.11,6.63,7.67,8.6,9.91,10.79,67.0,100.0,72.0,86.0,67.0,77.0,70.0,77.0,70.0,77.0,70.0,79.0
