rule,totalCount,totalCountP,dateCount,dateCountP,d1cMean,d2cMean,d3cMean,d4cMean,d5cMean,d6cMean,d7cMean,d8cMean,d9cMean,d10cMean,d11cMean,d12cMean,d13cMean,d14cMean,d15cMean,d2cZ,d3cZ,d4cZ,d5cZ,d6cZ,d7cZ,d8cZ,d9cZ,d10cZ,d11cZ,d12cZ,d13cZ,d14cZ,d15cZ,dcH
rule+1+8+10+11+13+20+21,174,0.04,27,1.48,2.35,3.92,4.7,6.01,7.63,7.8,9.36,11.39,12.23,11.4,11.36,10.52,9.52,9.4,11.2,3.32,3.8,4.81,6.13,6,7.26,8.99,9.53,8.4,8.06,6.92,5.62,5.2,6.7,9.53
rule+1+5+8+10+13+20+21,520,0.12,37,2.03,1.18,2.54,3.5,4.89,5.84,6.99,8.77,10.52,10.13,9.23,9.65,9.08,8.97,9.43,10.45,1.94,2.6,3.69,4.34,5.19,6.67,8.12,7.43,6.23,6.35,5.48,5.07,5.23,5.95,8.12
rule+6+8+10+11+20,178,0.04,32,1.75,2.86,5.72,6.92,7.04,8.97,8.76,8.63,7.83,9.14,8.76,8.87,8.5,7.22,7,6.45,5.12,6.02,5.84,7.47,6.96,6.53,5.43,6.44,5.76,5.57,4.9,3.32,2.8,1.95,7.47
rule+1+6+7+10+11+13+20,462,0.11,35,1.92,2.44,2.99,4.57,6.14,6.81,7.29,8.3,9.29,8.28,7.41,7.94,8.5,6.67,5.73,6.4,2.39,3.67,4.94,5.31,5.49,6.2,6.89,5.58,4.41,4.64,4.9,2.77,1.53,1.9,6.89
rule+1+8+10+11+20+21,381,0.09,47,2.58,2.62,3.44,4.18,5.53,6.9,7.19,7.74,8.56,9.23,8.48,8.27,8.38,8.23,7.97,8.25,2.84,3.28,4.33,5.4,5.39,5.64,6.16,6.53,5.48,4.97,4.78,4.33,3.77,3.75,6.53
rule+1+8+10+13+20+21,749,0.18,48,2.63,1.12,2.9,3.58,4.32,5.11,5.97,7.01,8.8,8.67,8.5,8.91,8.67,8.56,8.53,9.03,2.3,2.68,3.12,3.61,4.17,4.91,6.4,5.97,5.5,5.61,5.07,4.66,4.33,4.53,6.4
rule+1+6+7+10+11+20,479,0.11,37,2.03,2.6,3.46,5.1,6.37,7.06,7.41,8.11,8.66,7.59,6.45,6.96,7.01,5.15,3.98,4.26,2.86,4.2,5.17,5.56,5.61,6.01,6.26,4.89,3.45,3.66,3.41,1.25,-0.22,-0.24,6.26
rule+5+8+10+11+13+20+21,333,0.08,47,2.58,1.84,2.61,3.34,3.81,5.72,6.43,7.42,8.21,8.75,8.9,9.47,9.19,9.49,9.84,10.75,2.01,2.44,2.61,4.22,4.63,5.32,5.81,6.05,5.9,6.17,5.59,5.59,5.64,6.25,6.25
rule+2+5+8+10+11+20,131,0.03,49,2.69,2.04,3.58,4.25,4.57,5.32,5.91,6.07,7,8.18,7.79,8.3,8.47,8.59,10.32,10.75,2.98,3.35,3.37,3.82,4.11,3.97,4.6,5.48,4.79,5,4.87,4.69,6.12,6.25,6.25
rule+1+5+8+10+11+20+21,199,0.05,38,2.08,2.28,3.15,4.21,5.61,6.47,6.78,8.05,8.45,8.87,8.21,8.6,8.91,8.27,8.18,8.99,2.55,3.31,4.41,4.97,4.98,5.95,6.05,6.17,5.21,5.3,5.31,4.37,3.98,4.49,6.17
rule+5+8+10+11+20+21,626,0.15,88,4.82,1.5,2.07,2.33,2.55,3.57,4.63,5.48,5.92,7.06,7.29,8.18,9.16,9.62,9.97,9.39,1.47,1.43,1.35,2.07,2.83,3.38,3.52,4.36,4.29,4.88,5.56,5.72,5.77,4.89,5.77
rule+1+5+8+10+11+13+20,301,0.07,48,2.63,1.58,2.28,3.91,4.6,4.98,5.62,7,7.65,8.25,7.92,8.36,7.69,7.16,7.66,9.07,1.68,3.01,3.4,3.48,3.82,4.9,5.25,5.55,4.92,5.06,4.09,3.26,3.46,4.57,5.55
rule+5+6+7+10+11+13+20,297,0.07,29,1.59,1.79,2.33,3.79,4.74,5.62,5.84,7.11,7.69,6.84,6.83,7.48,9.08,7.6,6.62,7.33,1.73,2.89,3.54,4.12,4.04,5.01,5.29,4.14,3.83,4.18,5.48,3.7,2.42,2.83,5.48
rule+1+5+8+10+11+19+20,396,0.09,64,3.51,2.07,2.24,3,4.02,4.53,4.82,5.74,5.69,7.18,7.37,7.94,8.83,8.45,8.85,8.9,1.64,2.1,2.82,3.03,3.02,3.64,3.29,4.48,4.37,4.64,5.23,4.55,4.65,4.4,5.23
rule+6+7+10+11+13+20,495,0.12,42,2.3,2.29,3.48,4.68,5.46,6.42,6.95,7.1,7.51,7.08,6.47,7.32,7.68,6.18,5.13,5.47,2.88,3.78,4.26,4.92,5.15,5,5.11,4.38,3.47,4.02,4.08,2.28,0.93,0.97,5.15
rule+1+5+6+7+10+11+13+20,292,0.07,28,1.54,1.81,2.1,3.61,4.67,5.43,5.69,6.98,7.52,6.53,6.4,6.95,8.61,7.42,6.23,7.03,1.5,2.71,3.47,3.93,3.89,4.88,5.12,3.83,3.4,3.65,5.01,3.52,2.03,2.53,5.12
rule+1+8+10+11+20,1094,0.26,98,5.37,2.14,2.35,3.05,4.43,5.68,6.32,6.68,6.68,7.49,7.69,8.11,8.67,8.18,8.83,8.39,1.75,2.15,3.23,4.18,4.52,4.58,4.28,4.79,4.69,4.81,5.07,4.28,4.63,3.89,5.07
rule+6+7+10+11+20,519,0.12,45,2.47,2.41,3.62,4.88,5.71,6.49,6.6,6.88,7.08,6.65,6.04,6.79,7.04,5.38,4.04,3.92,3.02,3.98,4.51,4.99,4.8,4.78,4.68,3.95,3.04,3.49,3.44,1.48,-0.16,-0.58,4.99
rule+5+6+7+10+11+20,313,0.07,31,1.7,2.22,2.94,4.39,5.15,5.63,5.84,6.57,7.05,6.24,6.19,7.1,8.43,7.22,6.77,7.31,2.34,3.49,3.95,4.13,4.04,4.47,4.65,3.54,3.19,3.8,4.83,3.32,2.57,2.81,4.83
rule+1+5+8+10+11+20,611,0.15,79,4.33,1.91,2.04,3.01,4.23,5.25,5.75,6.37,6.36,7.45,7.38,7.71,8.22,8.17,8.79,9.19,1.44,2.11,3.03,3.75,3.95,4.27,3.96,4.75,4.38,4.41,4.62,4.27,4.59,4.69,4.75
rule+1+8+10+13+19+20+21,552,0.13,30,1.64,1.02,2.21,2.44,3.14,4.3,4.94,5.78,6.74,7.38,6.63,6.78,6.03,4.84,4.33,5.48,1.61,1.54,1.94,2.8,3.14,3.68,4.34,4.68,3.63,3.48,2.43,0.94,0.13,0.98,4.68
rule+1+8+10+11+19+20,791,0.19,78,4.28,2.12,2.33,2.9,4.03,5.06,5.56,6.09,6.34,7.19,7.32,7.66,8.25,7.34,7.69,7.22,1.73,2,2.83,3.56,3.76,3.99,3.94,4.49,4.32,4.36,4.65,3.44,3.49,2.72,4.65
rule+1+5+8+10+11+13+19+20,176,0.04,36,1.97,1.45,1.5,2.7,3.09,2.94,3.26,5.32,6.07,7.32,6.54,6.71,6.68,5.69,5.89,7.08,0.9,1.8,1.89,1.44,1.46,3.22,3.67,4.62,3.54,3.41,3.08,1.79,1.69,2.58,4.62
rule+2+5+7+8+10+13+20,65,0.02,27,1.48,1.33,1.91,1.95,2.23,2.32,3.09,3.44,5.66,7.24,5.67,4.71,2.77,2.18,2.42,3.78,1.31,1.05,1.03,0.82,1.29,1.34,3.26,4.54,2.67,1.41,-0.83,-1.72,-1.78,-0.72,4.54
rule+1+5+6+7+10+11+20,306,0.07,30,1.64,2.32,2.82,4.33,5.19,5.59,5.77,6.49,6.9,6.07,5.74,6.63,7.96,6.96,6.36,7.06,2.22,3.43,3.99,4.09,3.97,4.39,4.5,3.37,2.74,3.33,4.36,3.06,2.16,2.56,4.5
rule+1+5+7+10+19+20+21,1279,0.3,68,3.73,1.39,2.21,2.29,3.28,4.3,5.24,6.09,6.84,6.93,6.69,6.93,7.27,7.87,7.2,7.11,1.61,1.39,2.08,2.8,3.44,3.99,4.44,4.23,3.69,3.63,3.67,3.97,3,2.61,4.44
rule+2+5+8+10+20+21,269,0.06,85,4.66,1.04,1.7,2.14,2.68,3.87,5.05,5.48,6.08,6.6,7.41,6.91,6.66,6.86,7.53,7.48,1.1,1.24,1.48,2.37,3.25,3.38,3.68,3.9,4.41,3.61,3.06,2.96,3.33,2.98,4.41
rule+1+7+10+11+20+21,841,0.2,66,3.62,2.65,3.46,3.68,5.26,5.89,5.7,5.27,5.67,5.97,5.7,5.42,5.87,6.1,5.32,6.43,2.86,2.78,4.06,4.39,3.9,3.17,3.27,3.27,2.7,2.12,2.27,2.2,1.12,1.93,4.39
rule+1+5+6+8+10+19+20,249,0.06,43,2.36,1.09,1.98,2.66,3.72,4.92,5.43,4.91,4.06,5.01,5.52,5.96,7.03,7.95,8.17,8.84,1.38,1.76,2.52,3.42,3.63,2.81,1.66,2.31,2.52,2.66,3.43,4.05,3.97,4.34,4.34
rule+1+8+10+11+19+20+21,281,0.07,32,1.75,2.73,3,3.3,4.01,5.19,5.48,5.81,6.23,7.04,6.85,6.5,7,6.51,6.38,5.94,2.4,2.4,2.81,3.69,3.68,3.71,3.83,4.34,3.85,3.2,3.4,2.61,2.18,1.44,4.34
rule+5+6+7+10+19+20,500,0.12,40,2.19,1.67,2.13,3.24,5.24,5.78,5.72,5.69,5.66,6.31,5.71,6.36,5.93,5.49,3.66,3.55,1.53,2.34,4.04,4.28,3.92,3.59,3.26,3.61,2.71,3.06,2.33,1.59,-0.54,-0.95,4.28
rule+5+8+10+11+20,1727,0.41,199,10.91,1.19,1.81,2.2,2.57,3.33,3.92,4.39,4.79,5.68,6.25,6.79,7.48,7.92,8.47,8.39,1.21,1.3,1.37,1.83,2.12,2.29,2.39,2.98,3.25,3.49,3.88,4.02,4.27,3.89,4.27
rule+1+7+10+11+19+20+21,522,0.12,45,2.47,3.16,3.39,3.35,5.05,5.74,5.61,4.84,5.07,5.26,5.12,4.29,4.62,4.61,3.06,3.59,2.79,2.45,3.85,4.24,3.81,2.74,2.67,2.56,2.12,0.99,1.02,0.71,-1.14,-0.91,4.24
rule+1+7+10+19+20+21,2435,0.58,86,4.71,1.55,2.55,2.96,4.11,4.86,5.49,6.2,6.62,6.11,5.91,6.55,7.04,7.51,6.44,6.72,1.95,2.06,2.91,3.36,3.69,4.1,4.22,3.41,2.91,3.25,3.44,3.61,2.24,2.22,4.22
rule+1+8+10+11+13+20,481,0.11,65,3.56,2.18,2.53,3.29,4.5,5.37,5.64,6.25,6.38,6.71,6.8,7.51,7.35,6.62,7.09,7.3,1.93,2.39,3.3,3.87,3.84,4.15,3.98,4.01,3.8,4.21,3.75,2.72,2.89,2.8,4.21
rule+2+5+8+10+11+19+20,82,0.02,35,1.92,1.73,3.1,3.55,4.09,4.61,4.51,4.24,5.02,6.45,5.89,5.89,6.58,6.42,8.13,8.63,2.5,2.65,2.89,3.11,2.71,2.14,2.62,3.75,2.89,2.59,2.98,2.52,3.93,4.13,4.13
rule+3+5+7+8+10+19+20,34,0.01,26,1.43,0.16,0.76,1.61,2.55,4.58,5.09,6.22,6.52,6.68,5.78,6.97,6.26,7.77,7.2,6.18,0.16,0.71,1.35,3.08,3.29,4.12,4.12,3.98,2.78,3.67,2.66,3.87,3,1.68,4.12
rule+1+5+6+7+10+13+20,1041,0.25,61,3.34,1.09,1.72,3.29,4.91,5.18,5.56,6.2,6.21,6.58,6.09,5.97,5.55,5.1,4.61,4.35,1.12,2.39,3.71,3.68,3.76,4.1,3.81,3.88,3.09,2.67,1.95,1.2,0.41,-0.15,4.1
rule+1+7+8+10+13+20+21,660,0.16,36,1.97,1.1,3.23,3.44,3.62,3.78,4.81,4.66,6.25,6.67,6.72,7.36,7.57,7.66,7.73,7.39,2.63,2.54,2.42,2.28,3.01,2.56,3.85,3.97,3.72,4.06,3.97,3.76,3.53,2.89,4.06
rule+2+5+8+10+13+20,134,0.03,38,2.08,0.9,1.6,1.74,2.41,2.6,3.21,3.87,5.9,6.74,5.72,5.91,4.59,3.57,3.28,3.96,1,0.84,1.21,1.1,1.41,1.77,3.5,4.04,2.72,2.61,0.99,-0.33,-0.92,-0.54,4.04
rule+1+6+10+11+13+20+21,278,0.07,28,1.54,2.4,3.39,2.76,3,4.55,5.02,6.13,6.18,6.66,5.15,4.61,5.01,5.6,5.09,5.82,2.79,1.86,1.8,3.05,3.22,4.03,3.78,3.96,2.15,1.31,1.41,1.7,0.89,1.32,4.03
rule+1+5+10+11+13+20+21,761,0.18,84,4.61,1.62,2.47,3.31,4.15,5.02,4.97,5.36,6.41,6.27,6.25,6.43,5.82,5.85,6.45,7.08,1.87,2.41,2.95,3.52,3.17,3.26,4.01,3.57,3.25,3.13,2.22,1.95,2.25,2.58,4.01
rule+1+5+6+7+10+19+20,488,0.12,39,2.14,1.55,1.89,3.03,5.05,5.48,5.47,5.54,5.38,5.98,5.37,5.98,5.51,5.26,3.3,3.21,1.29,2.13,3.85,3.98,3.67,3.44,2.98,3.28,2.37,2.68,1.91,1.36,-0.9,-1.29,3.98
rule+1+5+7+10+13+19+20+21,1063,0.25,50,2.74,1.2,1.98,2.15,3.06,3.96,4.27,4.5,5.68,6.64,6.43,6.69,6.42,6.6,5.93,6.38,1.38,1.25,1.86,2.46,2.47,2.4,3.28,3.94,3.43,3.39,2.82,2.7,1.73,1.88,3.94
rule+1+7+10+13+19+20+21,2025,0.48,62,3.4,1.18,2.27,2.55,3.81,4.32,4.6,5.13,6.32,6.42,6.34,6.83,7.06,6.96,6.15,6.86,1.67,1.65,2.61,2.82,2.8,3.03,3.92,3.72,3.34,3.53,3.46,3.06,1.95,2.36,3.92
rule+1+6+10+11+20+21,714,0.17,59,3.23,2.63,3.44,3.3,3.84,4.5,5.03,5.82,6.26,6.62,6.05,5.35,5.15,5.54,5.63,6.2,2.84,2.4,2.64,3,3.23,3.72,3.86,3.92,3.05,2.05,1.55,1.64,1.43,1.7,3.92
rule+1+5+8+10+13+19+20,794,0.19,63,3.45,0.78,0.63,1.62,2.35,3.03,3.25,4.54,5.36,6.25,6.01,6.66,6.97,6.95,7.4,8.4,0.03,0.72,1.15,1.53,1.45,2.44,2.96,3.55,3.01,3.36,3.37,3.05,3.2,3.9,3.9
rule+1+5+7+8+10+20+21,579,0.14,30,1.64,1.39,2.61,2.56,2.41,2.74,5.09,6,6.29,6.28,6.24,6.78,6.92,7.41,7.48,8,2.01,1.66,1.21,1.24,3.29,3.9,3.89,3.58,3.24,3.48,3.32,3.51,3.28,3.5,3.9
rule+5+6+7+10+13+20,1056,0.25,64,3.51,1.25,1.79,3.28,4.78,4.97,5.34,5.93,6.03,6.57,6.16,6.05,5.56,4.93,4.54,4.4,1.19,2.38,3.58,3.47,3.54,3.83,3.63,3.87,3.16,2.75,1.96,1.03,0.34,-0.1,3.87
rule+5+6+7+10+13+19+20,474,0.11,37,2.03,1.67,2.15,3.04,5.04,5.37,4.99,5.45,5.5,6.06,5.42,5.8,5.39,5,3.03,3.48,1.55,2.14,3.84,3.87,3.19,3.35,3.1,3.36,2.42,2.5,1.79,1.1,-1.17,-1.02,3.87
rule+2+5+7+8+10+19+20,90,0.02,44,2.41,0.96,2.01,2.59,2.62,2.83,2.79,3.97,4.96,5.19,4.3,5.47,5.83,6.54,7.25,8.34,1.41,1.69,1.42,1.33,0.99,1.87,2.56,2.49,1.3,2.17,2.23,2.64,3.05,3.84,3.84
rule+1+5+6+7+10+20,1094,0.26,64,3.51,1.05,1.83,3.25,4.66,4.85,5.28,5.91,5.96,6.41,6.03,6.2,5.71,5.47,5,4.7,1.23,2.35,3.46,3.35,3.48,3.81,3.56,3.71,3.03,2.9,2.11,1.57,0.8,0.2,3.81
rule+1+5+6+7+10+13+20+21,313,0.07,26,1.43,2.08,2.46,2.93,4.73,4.76,5.59,5.67,5.74,6.1,4.59,4.41,4.38,3.73,4.94,4.89,1.86,2.03,3.53,3.26,3.79,3.57,3.34,3.4,1.59,1.11,0.78,-0.17,0.74,0.39,3.79
rule+1+6+7+10+19+20,775,0.18,49,2.69,1.78,1.94,2.79,3.76,4.13,4.78,5.89,5.77,5.31,5.25,5.91,5.1,4.39,2.56,2.55,1.34,1.89,2.56,2.63,2.98,3.79,3.37,2.61,2.25,2.61,1.5,0.49,-1.64,-1.95,3.79
rule+1+6+7+10+13+19+20,743,0.18,46,2.52,1.72,1.76,2.38,3.39,3.67,4.39,5.87,5.56,5.09,5.04,5.48,4.5,3.76,1.77,2.23,1.16,1.48,2.19,2.17,2.59,3.77,3.16,2.39,2.04,2.18,0.9,-0.14,-2.43,-2.27,3.77
rule+5+6+10+11+13+20+21,208,0.05,27,1.48,2.46,3.41,2.61,2.87,4.34,4.85,5.83,5.88,6.09,4.87,3.69,4.02,4.12,4.35,4.68,2.81,1.71,1.67,2.84,3.05,3.73,3.48,3.39,1.87,0.39,0.42,0.22,0.15,0.18,3.73
rule+5+8+10+11+13+19+20+21,180,0.04,30,1.64,2.16,3.57,4.02,4.16,4.81,5.51,5.38,5.13,5.41,6.31,6.46,6.28,5.61,6.1,6.84,2.97,3.12,2.96,3.31,3.71,3.28,2.73,2.71,3.31,3.16,2.68,1.71,1.9,2.34,3.71
rule+1+5+8+10+19+20+21,914,0.22,90,4.93,0.61,1.46,1.96,2.34,3.12,4.9,5.79,5.78,5.86,6.15,6.82,7.27,7.07,7.4,7.56,0.86,1.06,1.14,1.62,3.1,3.69,3.38,3.16,3.15,3.52,3.67,3.17,3.2,3.06,3.69
rule+5+8+10+11+19+20,1066,0.25,146,8,1.18,1.89,2.34,2.84,3.74,4.07,4.04,4.29,5.39,5.65,6.08,6.61,7.21,7.85,7.57,1.29,1.44,1.64,2.24,2.27,1.94,1.89,2.69,2.65,2.78,3.01,3.31,3.65,3.07,3.65
rule+1+5+8+10+11+19+20+21,122,0.03,25,1.37,2.3,2.95,3.68,4.1,4.55,4.62,5.71,5.41,6.1,5.92,6.46,7.23,5.97,5.91,5.81,2.35,2.78,2.9,3.05,2.82,3.61,3.01,3.4,2.92,3.16,3.63,2.07,1.71,1.31,3.63
rule+1+5+6+7+10+20+21,327,0.08,29,1.59,2.37,3.13,3.62,4.83,4.03,5.22,5.23,5.61,5.52,4.25,4.5,3.81,3.06,3.92,3.59,2.53,2.72,3.63,2.53,3.42,3.13,3.21,2.82,1.25,1.2,0.21,-0.84,-0.28,-0.91,3.63
rule+1+7+8+10+19+20+21,620,0.15,36,1.97,1.16,1.88,2.21,2.38,3.61,4.79,5.45,5.41,5.86,5.51,6.3,6.62,7.46,6.57,6.48,1.28,1.31,1.18,2.11,2.99,3.35,3.01,3.16,2.51,3,3.02,3.56,2.37,1.98,3.56
rule+5+6+7+10+20,1112,0.26,67,3.67,1.18,1.83,3.16,4.42,4.5,4.94,5.56,5.67,6.2,5.95,6.09,5.54,5.13,4.73,4.51,1.23,2.26,3.22,3,3.14,3.46,3.27,3.5,2.95,2.79,1.94,1.23,0.53,0.01,3.5
rule+5+8+10+11+19+20+21,374,0.09,62,3.4,1.89,3.1,3.76,3.85,4.42,5.27,4.98,4.64,5.51,5.66,6.32,7.1,6.81,7.07,6.15,2.5,2.86,2.65,2.92,3.47,2.88,2.24,2.81,2.66,3.02,3.5,2.91,2.87,1.65,3.5
rule+1+5+6+7+10+13+19+20,463,0.11,36,1.97,1.57,1.9,2.71,4.69,4.82,4.5,5.13,5.01,5.36,4.74,5.1,4.65,4.5,2.28,2.63,1.3,1.81,3.49,3.32,2.7,3.03,2.61,2.66,1.74,1.8,1.05,0.6,-1.92,-1.87,3.49
rule+5+8+10+11+13+20,827,0.2,118,6.47,1.39,1.75,2.45,2.67,3.32,3.94,4.8,5.5,5.81,6.3,6.78,6.99,7.01,7.39,7.84,1.15,1.55,1.47,1.82,2.14,2.7,3.1,3.11,3.3,3.48,3.39,3.11,3.19,3.34,3.48
rule+3+5+10+11+19+20,112,0.03,57,3.12,1.31,1.46,2.57,2.33,3.09,3.36,3.89,4.69,6.18,5.79,5.72,5.12,4.74,4.99,5.42,0.86,1.67,1.13,1.59,1.56,1.79,2.29,3.48,2.79,2.42,1.52,0.84,0.79,0.92,3.48
rule+1+5+7+10+11+20+21,429,0.1,44,2.41,2.45,3.03,2.77,4.09,4.76,4.69,5.02,5.42,6.09,6.35,5.44,5.47,5.01,4.79,5.93,2.43,1.87,2.89,3.26,2.89,2.92,3.02,3.39,3.35,2.14,1.87,1.11,0.59,1.43,3.39
rule+1+5+10+11+19+20+21,1018,0.24,92,5.04,1.89,1.9,2.26,3.31,4.18,4.7,5.02,5.78,5.64,5.63,5.58,5.69,6.11,6.53,6.64,1.3,1.36,2.11,2.68,2.9,2.92,3.38,2.94,2.63,2.28,2.09,2.21,2.33,2.14,3.38
rule+1+5+7+10+20+21,1902,0.45,98,5.37,1.1,2.29,2.82,3.54,3.95,4.62,5.39,5.78,5.56,5.39,5.35,5.46,5.91,6.58,6.19,1.69,1.92,2.34,2.45,2.82,3.29,3.38,2.86,2.39,2.05,1.86,2.01,2.38,1.69,3.38
rule+1+5+7+10+11+13+20+21,380,0.09,36,1.97,2.39,2.74,2.58,3.68,4.6,4.27,4.44,4.82,6.08,6.29,5.88,6.08,5.72,6.05,7.12,2.14,1.68,2.48,3.1,2.47,2.34,2.42,3.38,3.29,2.58,2.48,1.82,1.85,2.62,3.38
rule+1+6+10+13+19+20+21,549,0.13,41,2.25,1.28,1.99,2.94,3.28,3.15,4.75,4.98,5.74,5.91,5.01,5.89,5.01,4.76,4.58,4.86,1.39,2.04,2.08,1.65,2.95,2.88,3.34,3.21,2.01,2.59,1.41,0.86,0.38,0.36,3.34
rule+1+5+8+10+13+20,1185,0.28,81,4.44,1.06,1.02,1.67,2.45,2.81,3.01,4.25,5.02,5.41,5.29,6,6.15,6.4,7.01,7.84,0.42,0.77,1.25,1.31,1.21,2.15,2.62,2.71,2.29,2.7,2.55,2.5,2.81,3.34,3.34
rule+6+7+10+11+19+20,215,0.05,28,1.54,2.66,3,2.66,3.89,4.84,4.05,3.79,3.52,3.16,2.36,3.5,3.06,1.33,-0.79,-0.56,2.4,1.76,2.69,3.34,2.25,1.69,1.12,0.46,-0.64,0.2,-0.54,-2.57,-4.99,-5.06,3.34
rule+1+10+11+19+20+21,1679,0.4,108,5.92,2,1.95,2.25,3.5,4.42,5.04,4.95,5.04,4.8,4.6,4.43,4.45,4.7,4.66,4.52,1.35,1.35,2.3,2.92,3.24,2.85,2.64,2.1,1.6,1.13,0.85,0.8,0.46,0.02,3.24
rule+5+6+7+10+20+21,333,0.08,32,1.75,2.46,2.6,3.18,4.42,3.45,4.45,4.61,5.17,5.25,4.09,4.06,3.42,2.53,3.43,3.2,2,2.28,3.22,1.95,2.65,2.51,2.77,2.55,1.09,0.76,-0.18,-1.37,-0.77,-1.3,3.22
rule+5+8+10+13+20+21,1127,0.27,103,5.65,1.4,2.16,2.48,2.53,3.43,4.62,5.31,5.26,5.25,5.3,5.8,6.43,6.69,6.71,6.99,1.56,1.58,1.33,1.93,2.82,3.21,2.86,2.55,2.3,2.5,2.83,2.79,2.51,2.49,3.21
rule+1+7+10+11+13+20+21,753,0.18,54,2.96,2.04,2.77,2.72,4.05,4.7,4.66,4.47,4.93,5.49,5.23,5.33,6.17,6.09,5.68,7.09,2.17,1.82,2.85,3.2,2.86,2.37,2.53,2.79,2.23,2.03,2.57,2.19,1.48,2.59,3.2
rule+2+5+8+10+19+20+21,172,0.04,61,3.34,1.39,1.85,2.37,2.98,4.21,4.99,5.27,5.48,5.2,5.76,4.91,4.6,4.55,4.9,4.94,1.25,1.47,1.78,2.71,3.19,3.17,3.08,2.5,2.76,1.61,1,0.65,0.7,0.44,3.19
rule+3+5+7+8+10+20,47,0.01,32,1.75,0.41,0.49,1.28,2.35,4.09,4.53,4.81,5.48,5.82,5.17,6.48,5.67,7.01,6.89,6.34,-0.11,0.38,1.15,2.59,2.73,2.71,3.08,3.12,2.17,3.18,2.07,3.11,2.69,1.84,3.18
rule+2+5+7+8+10+20,168,0.04,54,2.96,1.18,2.26,2.69,2.6,3.13,3.09,4.08,4.99,5.86,5.16,5.38,4.91,4.86,5.28,6.12,1.66,1.79,1.4,1.63,1.29,1.98,2.59,3.16,2.16,2.08,1.31,0.96,1.08,1.62,3.16
rule+1+5+8+10+20+21,1360,0.32,116,6.36,0.77,1.39,1.9,2.31,3.02,4.29,5.26,5.24,5,5.28,5.76,6.22,6.13,6.58,6.6,0.79,1,1.11,1.52,2.49,3.16,2.84,2.3,2.28,2.46,2.62,2.23,2.38,2.1,3.16
rule+1+5+6+10+11+20+21,514,0.12,53,2.91,2.5,2.88,2.46,3.32,4.34,4.82,5.08,5.5,5.82,5.41,4.29,4.04,4.65,5.05,5.38,2.28,1.56,2.12,2.84,3.02,2.98,3.1,3.12,2.41,0.99,0.44,0.75,0.85,0.88,3.12
rule+5+7+8+10+13+19+20+21,500,0.12,47,2.58,1.14,1.8,1.65,1.85,3.34,4.84,4.85,5.19,5.6,6,6.4,6.7,6.44,6.43,6.07,1.2,0.75,0.65,1.84,3.04,2.75,2.79,2.9,3,3.1,3.1,2.54,2.23,1.57,3.1
rule+1+7+10+11+19+20,1634,0.39,115,6.3,1.47,1.88,2.22,3.69,4.59,4.32,4.83,4.84,4.72,4.59,4.28,4.5,4.72,4.02,3.98,1.28,1.32,2.49,3.09,2.52,2.73,2.44,2.02,1.59,0.98,0.9,0.82,-0.18,-0.52,3.09
rule+5+6+7+10+13+20+21,319,0.08,29,1.59,2.2,1.94,2.51,4.28,4.02,4.69,4.91,5.22,5.73,4.38,3.93,3.88,3.05,4.31,4.38,1.34,1.61,3.08,2.52,2.89,2.81,2.82,3.03,1.38,0.63,0.28,-0.85,0.11,-0.12,3.08
rule+5+8+10+13+19+20+21,719,0.17,75,4.11,1.22,2,2.08,2.24,3.1,4.62,4.98,5.11,4.87,5.17,6.06,6.65,6.34,6.2,6.35,1.4,1.18,1.04,1.6,2.82,2.88,2.71,2.17,2.17,2.76,3.05,2.44,2,1.85,3.05
rule+5+6+8+10+20,359,0.09,71,3.89,1.15,1.53,2.53,2.36,3.43,4.05,3.9,4,5.31,5.81,6.28,5.77,6.01,6.16,6.59,0.93,1.63,1.16,1.93,2.25,1.8,1.6,2.61,2.81,2.98,2.17,2.11,1.96,2.09,2.98
rule+6+10+11+13+20+21,314,0.07,36,1.97,1.98,2.64,2.16,2.39,3.24,3.92,5.04,4.2,3.98,1.94,1.41,1.4,1.67,1.66,2.79,2.04,1.26,1.19,1.74,2.12,2.94,1.8,1.28,-1.06,-1.89,-2.2,-2.23,-2.54,-1.71,2.94
rule+1+7+10+11+20,2660,0.63,154,8.44,1.37,2.11,2.84,3.7,4.43,4.55,4.66,4.7,4.72,4.71,4.56,5.02,5.22,4.76,4.69,1.51,1.94,2.5,2.93,2.75,2.56,2.3,2.02,1.71,1.26,1.42,1.32,0.56,0.19,2.93
rule+1+5+6+8+10+20,327,0.08,60,3.29,1.3,1.51,2.52,2.43,3.24,3.71,3.34,3.54,4.63,5.34,5.97,5.85,6.36,6.63,7.42,0.91,1.62,1.23,1.74,1.91,1.24,1.14,1.93,2.34,2.67,2.25,2.46,2.43,2.92,2.92
rule+3+5+8+10+20+21,91,0.02,49,2.69,0.99,1.48,1.05,2.12,2.92,3.86,4.79,4.24,5.62,5.84,5.4,5.72,5.4,5.41,5.25,0.88,0.15,0.92,1.42,2.06,2.69,1.84,2.92,2.84,2.1,2.12,1.5,1.21,0.75,2.92
rule+1+7+8+10+20+21,869,0.21,47,2.58,1.27,2.57,2.7,2.74,3.04,4.48,4.54,5.28,5.39,4.99,5.45,5.59,6.26,5.8,5.69,1.97,1.8,1.54,1.54,2.68,2.44,2.88,2.69,1.99,2.15,1.99,2.36,1.6,1.19,2.88
rule+5+10+11+13+19+20+21,971,0.23,98,5.37,1.41,2.08,2.4,3.15,4.27,4.68,4.86,4.93,4.91,4.94,5.24,5.21,5.74,6.42,7.04,1.48,1.5,1.95,2.77,2.88,2.76,2.53,2.21,1.94,1.94,1.61,1.84,2.22,2.54,2.88
rule+1+5+6+10+13+20+21,753,0.18,51,2.8,1.52,2.44,3.28,4,3.7,4.68,4.73,5.14,4.5,3.74,4.33,3.68,3.11,3.74,3.68,1.84,2.38,2.8,2.2,2.88,2.63,2.74,1.8,0.74,1.03,0.08,-0.79,-0.46,-0.82,2.88
rule+1+7+8+10+11+13+20,371,0.09,50,2.74,2.26,2.69,3.28,3.96,4.01,3.75,3.95,4.18,4.94,5.37,5.88,6.46,5.73,5.74,5.83,2.09,2.38,2.76,2.51,1.95,1.85,1.78,2.24,2.37,2.58,2.86,1.83,1.54,1.33,2.86
rule+5+7+8+10+13+20+21,678,0.16,63,3.45,1.38,2.1,1.99,2.02,3.09,4.36,4.64,4.97,5.53,5.73,5.93,6.12,6.01,5.85,5.87,1.5,1.09,0.82,1.59,2.56,2.54,2.57,2.83,2.73,2.63,2.52,2.11,1.65,1.37,2.83
rule+1+5+8+10+19+20,2567,0.61,197,10.8,0.69,1.01,1.28,1.81,2.51,3.29,3.93,4.28,4.82,5.33,5.83,6.43,6.52,6.84,6.83,0.41,0.38,0.61,1.01,1.49,1.83,1.88,2.12,2.33,2.53,2.83,2.62,2.64,2.33,2.83
rule+5+7+8+10+11+13+20+21,154,0.04,27,1.48,2.45,3.24,3.16,2.41,3.98,4.39,3.97,3.91,4.86,5.81,5.5,5.03,5.52,6.37,6.74,2.64,2.26,1.21,2.48,2.59,1.87,1.51,2.16,2.81,2.2,1.43,1.62,2.17,2.24,2.81
rule+5+10+11+19+20+21,2113,0.5,162,8.88,1.56,2.09,2.34,2.91,3.73,4.04,4.19,4.67,4.93,5.05,5.16,5.47,6.28,6.97,7.06,1.49,1.44,1.71,2.23,2.24,2.09,2.27,2.23,2.05,1.86,1.87,2.38,2.77,2.56,2.77
rule+1+7+8+10+11+20,455,0.11,58,3.18,2.36,2.59,3.06,3.96,4.05,3.91,4.26,4.72,5.06,5.58,5.47,5.53,4.75,4.81,4.79,1.99,2.16,2.76,2.55,2.11,2.16,2.32,2.36,2.58,2.17,1.93,0.85,0.61,0.29,2.76
rule+5+6+8+10+19+20,265,0.06,51,2.8,0.89,1.96,2.4,3.02,3.91,3.91,3.71,3.12,4.26,4.76,5.47,5.92,6.65,6.72,7.07,1.36,1.5,1.82,2.41,2.11,1.61,0.72,1.56,1.76,2.17,2.32,2.75,2.52,2.57,2.75
rule+2+8+10+11+13+20+21,112,0.03,32,1.75,1.84,2.64,3.21,3.8,3.78,3.84,3.56,5,5.44,4.9,4.27,2.26,0.21,-0.24,-0.88,2.04,2.31,2.6,2.28,2.04,1.46,2.6,2.74,1.9,0.97,-1.34,-3.69,-4.44,-5.38,2.74
rule+1+6+7+10+20+21,605,0.14,41,2.25,2.49,3.34,2.61,2.9,1.87,2.6,2,2.65,2.93,1.96,1.95,1.93,1.58,2.1,2.14,2.74,1.71,1.7,0.37,0.8,-0.1,0.25,0.23,-1.04,-1.35,-1.67,-2.32,-2.1,-2.36,2.74
rule+3+5+10+13+19+20,107,0.03,40,2.19,0.81,-0.17,0.32,0.53,1.4,1.49,1.77,3.41,4.1,3.42,4.39,5.21,5.91,6.54,7.19,-0.77,-0.58,-0.67,-0.1,-0.31,-0.33,1.01,1.4,0.42,1.09,1.61,2.01,2.34,2.69,2.69
rule+1+7+10+11+13+20,2303,0.55,134,7.35,1.42,1.97,2.38,3.26,4.19,4.4,4.56,4.93,5.21,5.34,5.57,5.82,5.95,5.73,5.81,1.37,1.48,2.06,2.69,2.6,2.46,2.53,2.51,2.34,2.27,2.22,2.05,1.53,1.31,2.69
rule+1+5+7+10+13+19+20,2900,0.69,116,6.36,1.31,1.71,1.68,2.66,3.69,3.83,4.26,4.74,5.11,5.31,5.98,5.94,5.92,5.66,6.22,1.11,0.78,1.46,2.19,2.03,2.16,2.34,2.41,2.31,2.68,2.34,2.02,1.46,1.72,2.68
rule+5+6+10+11+20+21,546,0.13,55,3.02,2.42,2.72,2.14,2.88,3.88,4.15,4.56,5.04,5.38,4.84,3.7,3.5,4.05,4.56,4.75,2.12,1.24,1.68,2.38,2.35,2.46,2.64,2.68,1.84,0.4,-0.1,0.15,0.36,0.25,2.68
rule+5+6+10+11+19+20,1452,0.35,154,8.44,1.5,1.7,2.16,2.72,3.63,3.81,4.25,4.66,5.35,5.18,4.97,5.34,5.94,6.37,5.99,1.1,1.26,1.52,2.13,2.01,2.15,2.26,2.65,2.18,1.67,1.74,2.04,2.17,1.49,2.65
rule+1+8+10+13+19+20,1266,0.3,78,4.28,1.05,0.62,1.39,2.04,2.5,2.7,3.93,4.34,4.81,4.82,5.56,6.21,5.73,5.86,6.36,0.02,0.49,0.84,1,0.9,1.83,1.94,2.11,1.82,2.26,2.61,1.83,1.66,1.86,2.61
rule+1+6+8+10+19+20,384,0.09,56,3.07,0.46,-0.04,0.1,0.85,1.46,2.4,2.98,2.79,3.88,4.4,5.32,6.03,6.5,6.62,6.89,-0.64,-0.8,-0.35,-0.04,0.6,0.88,0.39,1.18,1.4,2.02,2.43,2.6,2.42,2.39,2.6
rule+1+7+10+11+13+19+20,1382,0.33,94,5.15,1.54,1.64,1.41,2.9,4.1,3.84,4.58,4.74,4.74,4.75,4.82,4.9,5.07,4.53,4.99,1.04,0.51,1.7,2.6,2.04,2.48,2.34,2.04,1.75,1.52,1.3,1.17,0.33,0.49,2.6
rule+1+5+6+10+11+19+20,1361,0.32,142,7.79,1.54,1.66,2.22,2.69,3.53,3.67,4.15,4.52,5.28,5.21,4.78,5.14,5.76,6.22,5.77,1.06,1.32,1.49,2.03,1.87,2.05,2.12,2.58,2.21,1.48,1.54,1.86,2.02,1.27,2.58
rule+1+5+10+11+20+21,1564,0.37,131,7.18,1.8,2.28,2.65,3.46,4.06,4.23,4.28,4.9,4.94,4.86,4.66,4.36,4.75,5.33,5.56,1.68,1.75,2.26,2.56,2.43,2.18,2.5,2.24,1.86,1.36,0.76,0.85,1.13,1.06,2.56
rule+1+5+6+10+11+19+20+21,373,0.09,41,2.25,2.43,2.39,1.65,2.01,3.56,3.71,4.25,4.81,5.24,5.1,4.42,4.37,4.93,5.53,6.45,1.79,0.75,0.81,2.06,1.91,2.15,2.41,2.54,2.1,1.12,0.77,1.03,1.33,1.95,2.54
rule+1+6+10+13+19+20,2262,0.54,129,7.07,1.19,1.25,1.7,2.35,2.67,3.46,4.37,4.92,5.12,4.83,4.7,4.72,5.08,4.74,4.58,0.65,0.8,1.15,1.17,1.66,2.27,2.52,2.42,1.83,1.4,1.12,1.18,0.54,0.08,2.52
rule+5+8+10+11+13+19+20,467,0.11,85,4.66,1.22,1.61,2.39,2.79,3.26,3.79,4.41,4.91,5.22,5.14,5.34,5.57,5.54,6,6.37,1.01,1.49,1.59,1.76,1.99,2.31,2.51,2.52,2.14,2.04,1.97,1.64,1.8,1.87,2.52
rule+1+6+7+10+13+20+21,586,0.14,38,2.08,2.42,3.11,2.52,3.14,2.46,3.14,2.51,3.08,3.28,2.23,1.73,1.99,1.44,1.75,1.7,2.51,1.62,1.94,0.96,1.34,0.41,0.68,0.58,-0.77,-1.57,-1.61,-2.46,-2.45,-2.8,2.51
rule+2+5+8+10+13+19+20,80,0.02,29,1.59,0.76,1.45,1.52,2.54,2.7,2.82,3.66,4.8,5.19,3.24,4.04,2.78,1.46,1.32,2.9,0.85,0.62,1.34,1.2,1.02,1.56,2.4,2.49,0.24,0.74,-0.82,-2.44,-2.88,-1.6,2.49
rule+2+5+8+10+19+20,479,0.11,164,8.99,0.84,1.69,2.2,2.81,3.39,3.76,4.04,4.88,5.11,5.21,5.25,5.72,5.6,6.18,6.39,1.09,1.3,1.61,1.89,1.96,1.94,2.48,2.41,2.21,1.95,2.12,1.7,1.98,1.89,2.48
rule+6+8+10+20,636,0.15,94,5.15,0.81,1.16,2.06,1.99,2.61,3.6,3.72,4.01,4.72,5.37,5.76,5.32,5.5,5.59,5.79,0.56,1.16,0.79,1.11,1.8,1.62,1.61,2.02,2.37,2.46,1.72,1.6,1.39,1.29,2.46
rule+2+7+8+10+11+13+20+21,65,0.02,27,1.48,1.67,1.52,2.04,2.77,3.08,3.21,2.83,4.53,5.16,4.02,3.2,1.31,0.6,0.65,0.29,0.92,1.14,1.57,1.58,1.41,0.73,2.13,2.46,1.02,-0.1,-2.29,-3.3,-3.55,-4.21,2.46
rule+1+10+11+13+20+21,1336,0.32,100,5.48,1.64,2.42,2.76,3.55,3.95,4.16,4.4,4.73,4.45,4.07,4.29,4.04,3.68,3.94,4.73,1.82,1.86,2.35,2.45,2.36,2.3,2.33,1.75,1.07,0.99,0.44,-0.22,-0.26,0.23,2.45
rule+1+5+7+10+11+13+20,1296,0.31,98,5.37,0.99,1.79,2.21,2.98,3.79,4.11,4.34,4.83,4.81,4.81,5.12,5.33,5.3,5.24,5.43,1.19,1.31,1.78,2.29,2.31,2.24,2.43,2.11,1.81,1.82,1.73,1.4,1.04,0.93,2.43
rule+1+6+10+11+19+20,1829,0.44,158,8.66,1.49,1.69,2.33,3.01,3.73,3.87,4.44,4.83,5.08,5.1,4.51,4.79,5.13,5.58,5.24,1.09,1.43,1.81,2.23,2.07,2.34,2.43,2.38,2.1,1.21,1.19,1.23,1.38,0.74,2.43
rule+1+5+7+8+10+11+20,266,0.06,33,1.81,1.49,1.45,1.77,1.32,0.82,1.35,2.69,2.85,3.79,4.58,4.76,4.53,3.99,4.46,6.93,0.85,0.87,0.12,-0.68,-0.45,0.59,0.45,1.09,1.58,1.46,0.93,0.09,0.26,2.43,2.43
rule+6+7+10+19+20,864,0.21,58,3.18,1.22,1.4,2.38,3.62,3.65,3.74,4.2,4.41,4.3,4.15,4.64,4.41,3.52,1.92,2.09,0.8,1.48,2.42,2.15,1.94,2.1,2.01,1.6,1.15,1.34,0.81,-0.38,-2.28,-2.41,2.42
rule+6+10+13+19+20+21,614,0.15,51,2.8,1.21,1.25,2.16,2.46,2.56,4.19,4.36,4.68,4.61,3.71,4.11,3.43,3.06,3.05,3.58,0.65,1.26,1.26,1.06,2.39,2.26,2.28,1.91,0.71,0.81,-0.17,-0.84,-1.15,-0.92,2.39
rule+1+5+7+8+10+11+13+20,218,0.05,31,1.7,1.4,1.87,2.76,1.97,1.41,2.17,3.21,3.5,4.21,4.43,4.91,4.71,4.21,4.89,6.89,1.27,1.86,0.77,-0.09,0.37,1.11,1.1,1.51,1.43,1.61,1.11,0.31,0.69,2.39,2.39
rule+6+7+10+13+19+20,819,0.19,53,2.91,1.35,1.31,2.07,3.38,3.62,3.68,4.48,4.55,4.27,3.92,4.15,3.82,2.84,1.17,1.93,0.71,1.17,2.18,2.12,1.88,2.38,2.15,1.57,0.92,0.85,0.22,-1.06,-3.03,-2.57,2.38
rule+2+8+10+11+13+19+20,179,0.04,57,3.12,1.13,1.97,2,3.58,3.55,3.59,3.86,4.36,4.69,4.15,4.6,3.21,2.81,2.81,3.27,1.37,1.1,2.38,2.05,1.79,1.76,1.96,1.99,1.15,1.3,-0.39,-1.09,-1.39,-1.23,2.38
rule+3+5+10+11+20+21,58,0.01,33,1.81,0.9,1.48,2.08,1.39,3.57,4.14,4.29,4.18,5.07,4.12,5.04,4.01,2.73,2.23,2.35,0.88,1.18,0.19,2.07,2.34,2.19,1.78,2.37,1.12,1.74,0.41,-1.17,-1.97,-2.15,2.37
rule+1+5+6+10+13+19+20+21,364,0.09,34,1.86,1.22,1.46,1.93,1.67,1.91,3.86,3.98,4.73,4.87,4.14,5.66,4.83,5.31,5.4,5.71,0.86,1.03,0.47,0.41,2.06,1.88,2.33,2.17,1.14,2.36,1.23,1.41,1.2,1.21,2.36
rule+5+6+10+13+19+20+21,373,0.09,38,2.08,1.2,1.28,1.74,1.64,1.84,3.74,3.97,4.76,4.89,3.9,5.03,4.71,4.87,5.09,5.56,0.68,0.84,0.44,0.34,1.94,1.87,2.36,2.19,0.9,1.73,1.11,0.97,0.89,1.06,2.36
rule+1+8+10+11+13+19+20,309,0.07,48,2.63,1.93,1.78,2.11,2.78,3.4,3.14,4.21,4.62,5.06,4.67,4.93,4.83,3.76,3.67,4.21,1.18,1.21,1.58,1.9,1.34,2.11,2.22,2.36,1.67,1.63,1.23,-0.14,-0.53,-0.29,2.36
rule+1+5+7+8+10+13+20,982,0.23,56,3.07,0.97,0.85,0.75,1.08,1.27,1.38,2.18,3.21,3.63,3.31,4.79,5.19,5.41,6.11,6.85,0.25,-0.15,-0.12,-0.23,-0.42,0.08,0.81,0.93,0.31,1.49,1.59,1.51,1.91,2.35,2.35
rule+5+10+11+13+20+21,1822,0.43,169,9.27,1.22,1.89,2.52,2.88,3.37,3.55,3.93,4.13,4.33,4.57,4.82,5.21,5.62,6.14,6.85,1.29,1.62,1.68,1.87,1.75,1.83,1.73,1.63,1.57,1.52,1.61,1.72,1.94,2.35,2.35
rule+5+6+10+13+20+21,766,0.18,57,3.12,1.51,2.01,2.78,3.55,3.12,4.1,4.26,4.64,4.21,3.39,3.66,3.29,2.54,3.19,3.1,1.41,1.88,2.35,1.62,2.3,2.16,2.24,1.51,0.39,0.36,-0.31,-1.36,-1.01,-1.4,2.35
rule+3+5+8+10+20,253,0.06,119,6.52,0.86,1.02,1.32,1.99,2.92,3.38,3.96,4.11,5.02,4.95,4.55,4.46,5.12,5.36,5.89,0.42,0.42,0.79,1.42,1.58,1.86,1.71,2.32,1.95,1.25,0.86,1.22,1.16,1.39,2.32
rule+2+8+10+11+13+20,287,0.07,74,4.06,0.99,1.46,1.34,2.26,2.68,3.11,3.75,4.64,5.02,4.59,4.75,3.24,2.72,2.56,2.53,0.86,0.44,1.06,1.18,1.31,1.65,2.24,2.32,1.59,1.45,-0.36,-1.18,-1.64,-1.97,2.32
rule+6+7+10+11+13+19+20,202,0.05,25,1.37,2.55,2.6,2.39,3.21,3.81,3.4,3.26,3.02,2.52,2.3,3.41,3.2,1.99,0.24,0.77,2,1.49,2.01,2.31,1.6,1.16,0.62,-0.18,-0.7,0.11,-0.4,-1.91,-3.96,-3.73,2.31
rule+1+6+10+11+19+20+21,504,0.12,41,2.25,2.3,2.2,1.26,1.49,2.92,3.01,3.65,4.37,5.01,4.78,4.05,4.14,4.82,5.19,6.09,1.6,0.36,0.29,1.42,1.21,1.55,1.97,2.31,1.78,0.75,0.54,0.92,0.99,1.59,2.31
rule+1+5+10+11+13+19+20+21,463,0.11,52,2.85,1.45,1.69,2,2.52,3.37,3.83,4.04,4.69,4.45,4.24,4.87,4.7,4.47,4.43,5.64,1.09,1.1,1.32,1.87,2.03,1.94,2.29,1.75,1.24,1.57,1.1,0.57,0.23,1.14,2.29
rule+5+10+11+20+21,3518,0.84,254,13.93,1.15,1.73,2.14,2.46,2.96,3.14,3.32,3.72,3.99,4.26,4.46,4.85,5.62,6.33,6.79,1.13,1.24,1.26,1.46,1.34,1.22,1.32,1.29,1.26,1.16,1.25,1.72,2.13,2.29,2.29
rule+2+5+7+10+19+20,396,0.09,130,7.13,1.1,1.64,1.73,2.04,2.36,2.54,3.02,3.61,4,4.1,5.09,5.49,5.8,6.33,6.77,1.04,0.83,0.84,0.86,0.74,0.92,1.21,1.3,1.1,1.79,1.89,1.9,2.13,2.27,2.27
rule+2+5+7+10+19+20+21,127,0.03,50,2.74,1.66,2.16,1.91,1.77,1.72,2.17,2.74,3.11,4.09,4.58,4.78,5.1,5.36,6.16,6.76,1.56,1.01,0.57,0.22,0.37,0.64,0.71,1.39,1.58,1.48,1.5,1.46,1.96,2.26,2.26
rule+3+5+10+11+20,182,0.04,85,4.66,0.87,1.02,1.7,1.76,2.49,2.55,3.34,4.06,4.96,4.42,4.67,4.8,4.49,5.13,5.47,0.42,0.8,0.56,0.99,0.75,1.24,1.66,2.26,1.42,1.37,1.2,0.59,0.93,0.97,2.26
rule+1+8+10+20+21,2063,0.49,142,7.79,0.73,1.35,1.93,2.19,2.82,3.74,4.35,4.57,4.56,4.63,4.84,5.09,5.28,5.52,5.44,0.75,1.03,0.99,1.32,1.94,2.25,2.17,1.86,1.63,1.54,1.49,1.38,1.32,0.94,2.25
rule+3+5+7+10+11+19+20,33,0.01,26,1.43,0.98,0.55,1.39,1.55,2.55,2.08,2.38,3.61,4.93,4.63,4.31,4.15,4.78,4.16,4.24,-0.05,0.49,0.35,1.05,0.28,0.28,1.21,2.23,1.63,1.01,0.55,0.88,-0.04,-0.26,2.23
rule+1+6+8+10+20,500,0.12,72,3.95,0.83,0.24,0.61,0.82,1.24,2.26,2.65,2.83,3.94,4.69,5.51,5.5,5.45,5.93,6.22,-0.36,-0.29,-0.38,-0.26,0.46,0.55,0.43,1.24,1.69,2.21,1.9,1.55,1.73,1.72,2.21
rule+6+7+10+19+20+21,290,0.07,25,1.37,1.78,1.84,2.27,3.39,2.72,3.96,4.1,4.34,4.4,2.73,2.87,2.09,2.14,0.72,1.98,1.24,1.37,2.19,1.22,2.16,2,1.94,1.7,-0.27,-0.43,-1.51,-1.76,-3.48,-2.52,2.19
rule+2+5+7+10+20+21,207,0.05,69,3.78,1.87,2.38,1.93,1.8,2.14,3.13,3.58,3.97,4.87,5.13,4.72,4.94,4.91,5.25,5.8,1.78,1.03,0.6,0.64,1.33,1.48,1.57,2.17,2.13,1.42,1.34,1.01,1.05,1.3,2.17
rule+1+10+11+13+19+20+21,799,0.19,67,3.67,1.78,2.14,1.85,2.79,3.54,3.97,3.89,4.02,3.27,2.81,2.63,2.28,1.84,1.88,2.79,1.54,0.95,1.59,2.04,2.17,1.79,1.62,0.57,-0.19,-0.67,-1.32,-2.06,-2.32,-1.71,2.17
rule+2+8+10+11+20+21,186,0.04,60,3.29,1.03,1.56,1.96,1.86,2.55,3.13,3.89,4.56,4.82,5.09,5.02,4.45,4.08,4.5,4.2,0.96,1.06,0.66,1.05,1.33,1.79,2.16,2.12,2.09,1.72,0.85,0.18,0.3,-0.3,2.16
rule+3+5+8+10+19+20+21,52,0.01,31,1.7,1.04,1.9,1.44,1.54,2.18,2.75,3.93,3.75,4.83,5.03,3.38,3.8,3.31,2.53,2.32,1.3,0.54,0.34,0.68,0.95,1.83,1.35,2.13,2.03,0.08,0.2,-0.59,-1.67,-2.18,2.13
rule+6+7+10+13+20+21,621,0.15,42,2.3,2.4,2.7,2.12,2.37,1.66,2.13,1.15,1.52,1.24,-0.09,-0.94,-0.62,-1.6,-1.68,-2.09,2.1,1.22,1.17,0.16,0.33,-0.95,-0.88,-1.46,-3.09,-4.24,-4.22,-5.5,-5.88,-6.59,2.1
rule+1+5+10+13+19+20+21,1643,0.39,92,5.04,1.48,1.81,2.41,2.97,3.22,3.9,3.87,4.42,4.24,4.07,4.45,4.03,4.03,4.65,4.92,1.21,1.51,1.77,1.72,2.1,1.77,2.02,1.54,1.07,1.15,0.43,0.13,0.45,0.42,2.1
rule+1+5+7+8+10+13+19+20,687,0.16,43,2.36,0.54,0.23,0.42,0.79,1.68,2.15,3.21,4.36,4.72,3.98,5.22,5.31,4.93,5.33,6.59,-0.37,-0.48,-0.41,0.18,0.35,1.11,1.96,2.02,0.98,1.92,1.71,1.03,1.13,2.09,2.09
rule+1+7+10+20+21,3670,0.87,127,6.96,1.36,2.32,2.79,3.29,3.31,3.64,3.91,4.37,3.98,4.11,4.44,4.99,5.65,5.7,5.54,1.72,1.89,2.09,1.81,1.84,1.81,1.97,1.28,1.11,1.14,1.39,1.75,1.5,1.04,2.09
rule+1+5+7+10+11+20,1508,0.36,111,6.09,1.09,2.01,2.43,2.89,3.52,3.88,3.83,4.23,4.15,3.98,3.77,4.46,4.96,4.74,4.98,1.41,1.53,1.69,2.02,2.08,1.73,1.83,1.45,0.98,0.47,0.86,1.06,0.54,0.48,2.08
rule+1+6+10+11+13+20,1154,0.27,112,6.14,1.09,1.28,2.01,3.12,3.32,3.51,4.17,4.47,4.01,3.37,3.31,3.77,4.1,4.17,4.18,0.68,1.11,1.92,1.82,1.71,2.07,2.07,1.31,0.37,0.01,0.17,0.2,-0.03,-0.32,2.07
rule+1+5+7+10+13+20+21,1525,0.36,77,4.22,0.91,1.76,2.41,3.26,3.29,3.56,3.91,4.31,4.59,4.14,4.24,4.11,4.2,5.36,5.14,1.16,1.51,2.06,1.79,1.76,1.81,1.91,1.89,1.14,0.94,0.51,0.3,1.16,0.64,2.06
rule+5+7+10+13+19+20+21,1588,0.38,101,5.54,0.79,1.77,1.92,2.48,3.2,3.84,3.66,4.15,4.68,5.04,5.33,5.19,5.49,5.23,5.08,1.17,1.02,1.28,1.7,2.04,1.56,1.75,1.98,2.04,2.03,1.59,1.59,1.03,0.58,2.04
rule+6+7+10+20+21,645,0.15,46,2.52,2.19,2.64,1.97,1.98,0.77,1.34,0.46,0.84,0.96,-0.05,-0.42,-0.34,-1.05,-1.03,-1.46,2.04,1.07,0.78,-0.73,-0.46,-1.64,-1.56,-1.74,-3.05,-3.72,-3.94,-4.95,-5.23,-5.96,2.04
rule+1+10+11+20+21,2556,0.61,149,8.17,1.84,2.17,2.48,3.1,3.48,3.81,4.04,4.42,4.61,4.49,4.57,4.42,4.46,4.48,4.49,1.57,1.58,1.9,1.98,2.01,1.94,2.02,1.91,1.49,1.27,0.82,0.56,0.28,-0.01,2.02
rule+2+5+10+11+13+20+21,123,0.03,40,2.19,1.23,2.61,2.75,2.42,2.22,2.79,2.67,3.3,4.23,3.38,4.09,2.64,2.39,2.72,3.79,2.01,1.85,1.22,0.72,0.99,0.57,0.9,1.53,0.38,0.79,-0.96,-1.51,-1.48,-0.71,2.01
rule+3+5+8+10+13+20,37,0.01,25,1.37,0.61,1.33,1.62,1.74,2.68,3,2.63,3.73,4.71,3.79,3.79,2.09,3,2.56,3.63,0.73,0.72,0.54,1.18,1.2,0.53,1.33,2.01,0.79,0.49,-1.51,-0.9,-1.64,-0.87,2.01
rule+1+7+10+11+13+19+20+21,460,0.11,32,1.75,2.66,2.53,1.53,2.75,3.49,3.35,2.98,3.23,3.62,3.7,3.01,3.75,3.37,1.82,3.11,1.93,0.63,1.55,1.99,1.55,0.88,0.83,0.92,0.7,-0.29,0.15,-0.53,-2.38,-1.39,1.99
rule+1+8+10+19+20,4055,0.97,230,12.61,0.55,0.79,1.07,1.58,2.25,3.03,3.78,4.09,4.6,4.97,5.21,5.52,5.38,5.63,5.72,0.19,0.17,0.38,0.75,1.23,1.68,1.69,1.9,1.97,1.91,1.92,1.48,1.43,1.22,1.97
rule+1+6+10+11+13+19+20,638,0.15,81,4.44,1.35,1.49,1.59,2.65,3.04,2.96,3.74,4.36,4.21,3.16,2.72,2.67,3.31,3.45,3.33,0.89,0.69,1.45,1.54,1.16,1.64,1.96,1.51,0.16,-0.58,-0.93,-0.59,-0.75,-1.17,1.96
rule+2+5+7+10+13+20,353,0.08,105,5.76,1.41,1.79,1.8,1.66,1.99,2.07,2.63,3.63,4.66,4.35,4.65,4.42,4.51,4.51,4.86,1.19,0.9,0.46,0.49,0.27,0.53,1.23,1.96,1.35,1.35,0.82,0.61,0.31,0.36,1.96
rule+2+5+10+11+20,861,0.21,183,10.03,0.94,1.3,1.33,1.56,2.32,2.89,3.14,3.42,3.86,3.95,4.41,4.68,5.44,6.15,6.39,0.7,0.43,0.36,0.82,1.09,1.04,1.02,1.16,0.95,1.11,1.08,1.54,1.95,1.89,1.95
rule+2+7+8+10+20+21,378,0.09,82,4.5,1.04,1.23,1.67,2.14,2.71,2.84,3.64,4.05,4.49,4.95,4.68,4.22,3.86,3.69,4.36,0.63,0.77,0.94,1.21,1.04,1.54,1.65,1.79,1.95,1.38,0.62,-0.04,-0.51,-0.14,1.95
rule+1+5+7+8+10+19+20,849,0.2,67,3.67,0.46,-0.09,-0.43,-0.03,0.74,1.29,1.91,2.54,2.76,3.2,5.09,5.55,5.5,5.35,5.3,-0.69,-1.33,-1.23,-0.76,-0.51,-0.19,0.14,0.06,0.2,1.79,1.95,1.6,1.15,0.8,1.95
rule+1+5+10+11+19+20,3783,0.9,277,15.19,1.33,1.58,1.74,2.55,3.42,3.45,3.54,3.64,4,4.17,3.96,4.21,4.42,4.56,4.5,0.98,0.84,1.35,1.92,1.65,1.44,1.24,1.3,1.17,0.66,0.61,0.52,0.36,0,1.92
rule+6+10+11+20+21,852,0.2,75,4.11,2.32,2.48,2.35,2.66,3.3,3.47,4.02,3.9,3.98,3.48,2.9,2.63,2.94,3.33,3.98,1.88,1.45,1.46,1.8,1.67,1.92,1.5,1.28,0.48,-0.4,-0.97,-0.96,-0.87,-0.52,1.92
rule+5+6+10+11+19+20+21,393,0.09,44,2.41,2.37,2.38,1.46,1.79,3.18,3.11,3.63,4.24,4.61,4.24,3.55,3.56,4.22,4.99,5.65,1.78,0.56,0.59,1.68,1.31,1.53,1.84,1.91,1.24,0.25,-0.04,0.32,0.79,1.15,1.91
rule+1+7+10+13+19+20,5323,1.27,155,8.5,1.46,1.74,1.99,2.52,3.34,3.34,4.01,4.23,3.92,4.3,4.87,4.88,4.7,4.16,4.46,1.14,1.09,1.32,1.84,1.54,1.91,1.83,1.22,1.3,1.57,1.28,0.8,-0.04,-0.04,1.91
rule+5+7+8+10+11+19+20+21,158,0.04,35,1.92,1.75,2.51,2.49,1.18,2,2.92,2.92,2.89,3.22,4.38,4.18,4.74,5.11,4.69,2.95,1.91,1.59,-0.02,0.5,1.12,0.82,0.49,0.52,1.38,0.88,1.14,1.21,0.49,-1.55,1.91
rule+2+7+8+10+13+20+21,218,0.05,47,2.58,1.15,1.46,2.03,2.49,3.02,2.96,3.26,4.3,4.6,4.28,3.43,2.1,1.44,0.85,1.26,0.86,1.13,1.29,1.52,1.16,1.16,1.9,1.9,1.28,0.13,-1.5,-2.46,-3.35,-3.24,1.9
rule+2+7+8+10+13+19+20,349,0.08,72,3.95,0.56,0.67,1.29,2.74,2.74,2.89,3.61,4.29,3.58,3.31,3.35,2.71,3.41,3.27,3.72,0.07,0.39,1.54,1.24,1.09,1.51,1.89,0.88,0.31,0.05,-0.89,-0.49,-0.93,-0.78,1.89
rule+2+8+10+13+19+20,517,0.12,92,5.04,0.99,1.72,2.25,3,3.22,3.21,3.99,4.24,3.96,3.81,4.07,3.63,3.69,3.23,3.39,1.12,1.35,1.8,1.72,1.41,1.89,1.84,1.26,0.81,0.77,0.03,-0.21,-0.97,-1.11,1.89
rule+6+10+11+13+20,1268,0.3,131,7.18,1.2,1.49,2.1,3.09,3.32,3.68,3.92,4.04,3.84,3.38,3.38,3.65,4.01,3.99,4.07,0.89,1.2,1.89,1.82,1.88,1.82,1.64,1.14,0.38,0.08,0.05,0.11,-0.21,-0.43,1.89
rule+2+5+8+10+20,789,0.19,207,11.35,0.49,1.12,1.5,1.96,2.33,2.64,2.98,3.91,4.42,4.82,4.96,5.35,5.5,6.09,6.07,0.52,0.6,0.76,0.83,0.84,0.88,1.51,1.72,1.82,1.66,1.75,1.6,1.89,1.57,1.89
rule+2+7+8+10+13+19+20+21,154,0.04,30,1.64,1.34,1.73,2.76,2.61,2.29,2.46,3.08,4.17,4.18,3.56,3.19,2.32,1.86,1.44,1.91,1.13,1.86,1.41,0.79,0.66,0.98,1.77,1.48,0.56,-0.11,-1.28,-2.04,-2.76,-2.59,1.86
rule+6+8+10+19+20,462,0.11,74,4.06,0.87,1.55,1.99,1.93,2.5,3.1,3.41,3.41,4.17,4.6,4.98,5.11,5.75,5.61,5.55,0.95,1.09,0.73,1,1.3,1.31,1.01,1.47,1.6,1.68,1.51,1.85,1.41,1.05,1.85
rule+2+5+7+10+11+20+21,71,0.02,32,1.75,1.55,2.45,1.92,0.71,1.34,2.24,1.99,1.85,2.96,1.55,1.07,0.5,0.31,0.92,2.51,1.85,1.02,-0.49,-0.16,0.44,-0.11,-0.55,0.26,-1.45,-2.23,-3.1,-3.59,-3.28,-1.99,1.85
rule+5+8+10+13+19+20,1676,0.4,146,8,0.87,1.28,1.51,1.84,2.64,3.35,3.94,4.21,4.2,4.17,4.63,5.38,5.64,5.63,5.89,0.68,0.61,0.64,1.14,1.55,1.84,1.81,1.5,1.17,1.33,1.78,1.74,1.43,1.39,1.84
rule+6+10+13+19+20,2510,0.6,145,7.95,1.23,1.36,1.93,2.62,2.82,3.44,3.85,4.2,4.54,4.23,4.11,4.31,4.59,4.29,4.37,0.76,1.03,1.42,1.32,1.64,1.75,1.8,1.84,1.23,0.81,0.71,0.69,0.09,-0.13,1.84
rule+6+10+11+19+20,2171,0.52,187,10.25,1.38,1.58,2.1,2.73,3.28,3.51,3.85,4.23,4.48,4.45,4.06,4.11,4.4,4.78,4.53,0.98,1.2,1.53,1.78,1.71,1.75,1.83,1.78,1.45,0.76,0.51,0.5,0.58,0.03,1.83
rule+1+8+10+19+20+21,1439,0.34,108,5.92,0.45,0.86,1.1,1.36,2.07,3.19,3.93,4.19,4.33,4.23,4.57,4.97,4.96,5.29,5.36,0.26,0.2,0.16,0.57,1.39,1.83,1.79,1.63,1.23,1.27,1.37,1.06,1.09,0.86,1.83
rule+5+7+10+11+13+19+20+21,421,0.1,45,2.47,1.43,2.39,2.16,1.55,1.96,2.17,1.95,1.48,2.1,2.66,2.9,2.36,2.86,2.95,2.64,1.79,1.26,0.35,0.46,0.37,-0.15,-0.92,-0.6,-0.34,-0.4,-1.24,-1.04,-1.25,-1.86,1.79
rule+5+7+8+10+13+19+20,1105,0.26,107,5.87,1,1.54,1.43,1.85,2.51,3.08,3.79,4.18,4.04,3.84,4.42,4.9,5.31,5.52,5.64,0.94,0.53,0.65,1.01,1.28,1.69,1.78,1.34,0.84,1.12,1.3,1.41,1.32,1.14,1.78
rule+1+7+10+19+20,6704,1.6,216,11.84,1.27,1.5,1.68,2.18,2.98,3.33,3.88,3.7,3.26,3.91,4.21,4.32,4.45,4.02,4.07,0.9,0.78,0.98,1.48,1.53,1.78,1.3,0.56,0.91,0.91,0.72,0.55,-0.18,-0.43,1.78
rule+1+6+10+13+20+21,1239,0.29,69,3.78,1.21,2.38,2.52,2.91,2.33,2.62,2.27,2.9,2.38,2.04,2.52,2.76,2.16,2.67,2.62,1.78,1.62,1.71,0.83,0.82,0.17,0.5,-0.32,-0.96,-0.78,-0.84,-1.74,-1.53,-1.88,1.78
rule+3+5+8+10+19+20,157,0.04,86,4.71,0.53,0.67,1.12,1.28,2.06,2.33,3.27,3.55,4.47,4.43,4.01,3.87,4.39,4.34,4.91,0.07,0.22,0.08,0.56,0.53,1.17,1.15,1.77,1.43,0.71,0.27,0.49,0.14,0.41,1.77
rule+1+8+10+13+20,1838,0.44,106,5.81,1.54,1.51,1.69,2.39,2.7,2.86,3.86,3.78,4.03,3.87,4.2,4.68,4.47,4.95,4.96,0.91,0.79,1.19,1.2,1.06,1.76,1.38,1.33,0.87,0.9,1.08,0.57,0.75,0.46,1.76
rule+1+5+6+10+13+20,3340,0.8,165,9.05,1.06,1.62,2.31,2.87,2.58,2.93,3.66,4.01,4.44,4.3,4.18,4.55,4.48,4.37,4.16,1.02,1.41,1.67,1.08,1.13,1.56,1.61,1.74,1.3,0.88,0.95,0.58,0.17,-0.34,1.74
rule+5+6+10+13+20,3392,0.81,171,9.38,1.08,1.63,2.33,2.93,2.63,2.98,3.65,3.94,4.4,4.27,4.19,4.57,4.41,4.29,4.07,1.03,1.43,1.73,1.13,1.18,1.55,1.54,1.7,1.27,0.89,0.97,0.51,0.09,-0.43,1.73
rule+5+6+10+13+19+20,1629,0.39,116,6.36,1.17,1.37,2.03,2.69,2.77,3.13,3.39,3.79,4.43,3.96,4.01,4.33,4.58,4.18,3.91,0.77,1.13,1.49,1.27,1.33,1.29,1.39,1.73,0.96,0.71,0.73,0.68,-0.02,-0.59,1.73
rule+5+7+8+10+11+20+21,232,0.06,43,2.36,1.93,2.32,1.96,0.84,1.62,2.4,2.67,2.77,3.39,4.11,3.67,4.24,4.59,4.34,3.75,1.72,1.06,-0.36,0.12,0.6,0.57,0.37,0.69,1.11,0.37,0.64,0.69,0.14,-0.75,1.72
rule+5+6+10+11+20,2332,0.56,204,11.18,1.01,1.29,2,2.57,2.93,3.19,3.65,4.05,4.41,4.35,4.34,4.39,4.49,4.81,4.91,0.69,1.1,1.37,1.43,1.39,1.55,1.65,1.71,1.35,1.04,0.79,0.59,0.61,0.41,1.71
rule+1+5+7+10+19+20,3665,0.87,158,8.66,1.17,1.5,1.42,2.28,3.2,3.51,3.74,3.75,3.54,3.98,4.37,4.51,4.96,4.91,4.71,0.9,0.52,1.08,1.7,1.71,1.64,1.35,0.84,0.98,1.07,0.91,1.06,0.71,0.21,1.71
rule+2+8+10+11+20,552,0.13,119,6.52,0.89,1.56,1.6,2.08,2.94,3.5,3.55,3.84,4.19,4.21,4.63,4.3,4.42,4.96,4.94,0.96,0.7,0.88,1.44,1.7,1.45,1.44,1.49,1.21,1.33,0.7,0.52,0.76,0.44,1.7
rule+2+5+10+13+19+20,478,0.11,124,6.8,1.26,1.91,2.13,2.29,2.43,2.25,3.1,3.96,4.39,4.07,4.38,4.44,4.51,4.54,5.06,1.31,1.23,1.09,0.93,0.45,1,1.56,1.69,1.07,1.08,0.84,0.61,0.34,0.56,1.69
rule+1+10+13+19+20+21,2963,0.71,115,6.3,1.29,1.94,2.08,2.86,2.69,3.48,3.6,4.03,3.71,3.86,4.16,3.95,3.75,3.72,3.9,1.34,1.18,1.66,1.19,1.68,1.5,1.63,1.01,0.86,0.86,0.35,-0.15,-0.48,-0.6,1.68
rule+5+6+10+11+13+20,875,0.21,101,5.54,1.02,1.27,1.88,2.55,2.89,3.27,3.78,3.95,3.88,3.48,3.72,4.58,4.93,4.69,4.65,0.67,0.98,1.35,1.39,1.47,1.68,1.55,1.18,0.48,0.42,0.98,1.03,0.49,0.15,1.68
rule+3+5+10+13+20+21,86,0.02,36,1.97,0.22,-0.13,0.35,0.23,0.44,0.86,1.18,2.57,4.16,3.98,4.97,4.78,5.47,5.68,5.99,-0.73,-0.55,-0.97,-1.06,-0.94,-0.92,0.17,1.46,0.98,1.67,1.18,1.57,1.48,1.49,1.67
rule+1+5+7+10+11+19+20,915,0.22,82,4.5,1.12,1.4,1.18,2.37,3.17,3.05,3.43,3.93,4.07,3.77,3.43,3.95,4.22,3.58,4.15,0.8,0.28,1.17,1.67,1.25,1.33,1.53,1.37,0.77,0.13,0.35,0.32,-0.62,-0.35,1.67
rule+3+7+8+10+11+19+20+21,62,0.01,43,2.36,1.1,1.01,2.2,2.37,1.51,1.26,1.96,2.58,3.33,3.6,4.36,5.24,4.63,4.15,3.27,0.41,1.3,1.17,0.01,-0.54,-0.14,0.18,0.63,0.6,1.06,1.64,0.73,-0.05,-1.23,1.64
rule+1+5+6+10+11+20,2168,0.52,190,10.42,1.06,1.36,2.1,2.6,2.9,3.14,3.61,3.97,4.34,4.33,4.18,4.23,4.28,4.57,4.72,0.76,1.2,1.4,1.4,1.34,1.51,1.57,1.64,1.33,0.88,0.63,0.38,0.37,0.22,1.64
rule+1+5+7+8+10+20,1354,0.32,80,4.39,0.73,0.21,-0.21,0.14,0.56,1.09,1.79,2.41,2.54,3.06,4.64,5.23,5.53,5.46,5.52,-0.39,-1.11,-1.06,-0.94,-0.71,-0.31,0.01,-0.16,0.06,1.34,1.63,1.63,1.26,1.02,1.63
rule+1+5+6+10+13+19+20,1592,0.38,112,6.14,1.18,1.3,1.94,2.52,2.58,2.95,3.32,3.73,4.33,3.88,3.82,4.08,4.45,4.05,3.71,0.7,1.04,1.32,1.08,1.15,1.22,1.33,1.63,0.88,0.52,0.48,0.55,-0.15,-0.79,1.63
rule+2+5+10+11+13+19+20,221,0.05,64,3.51,1.26,2.22,2.26,1.71,1.42,1.45,2,2.51,3.07,2.52,2.78,3.06,3.63,4.19,4.56,1.62,1.36,0.51,-0.08,-0.35,-0.1,0.11,0.37,-0.48,-0.52,-0.54,-0.27,-0.01,0.06,1.62
rule+1+5+7+10+11+19+20+21,258,0.06,28,1.54,2.56,2.13,1.75,2.82,2.98,2.84,3.41,3.49,4.06,4.21,3.63,3.06,2.16,0.94,1.45,1.53,0.85,1.62,1.48,1.04,1.31,1.09,1.36,1.21,0.33,-0.54,-1.74,-3.26,-3.05,1.62
rule+2+10+11+20+21,912,0.22,162,8.88,0.85,1.38,1.23,1.12,1.58,1.62,2.4,2.85,3.23,3.39,3.64,4.02,4.99,5.61,6.11,0.78,0.33,-0.08,0.08,-0.18,0.3,0.45,0.53,0.39,0.34,0.42,1.09,1.41,1.61,1.61
rule+2+5+10+13+20,851,0.2,177,9.7,1.2,1.59,1.68,2.06,2.5,2.52,3.08,3.7,4.31,4.29,4.42,4.48,4.65,4.56,5.03,0.99,0.78,0.86,1,0.72,0.98,1.3,1.61,1.29,1.12,0.88,0.75,0.36,0.53,1.61
rule+1+5+8+10+20,3943,0.94,252,13.82,0.69,0.85,1.01,1.35,2.12,2.74,3.35,3.68,4.11,4.45,4.79,5.19,5.45,5.59,5.58,0.25,0.11,0.15,0.62,0.94,1.25,1.28,1.41,1.45,1.49,1.59,1.55,1.39,1.08,1.59
rule+1+6+10+11+20,2960,0.7,211,11.57,1.05,1.28,2.06,2.63,2.7,2.97,3.53,3.99,4.04,4.14,3.9,3.84,3.8,4.11,4.23,0.68,1.16,1.43,1.2,1.17,1.43,1.59,1.34,1.14,0.6,0.24,-0.1,-0.09,-0.27,1.59
rule+1+5+7+10+13+20,4626,1.1,171,9.38,1.14,1.56,2.09,2.43,2.73,3.01,3.69,3.91,4.07,4.08,4.56,4.7,4.92,5.04,4.82,0.96,1.19,1.23,1.23,1.21,1.59,1.51,1.37,1.08,1.26,1.1,1.02,0.84,0.32,1.59
rule+5+7+8+10+11+13+20,418,0.1,79,4.33,1.17,1.34,1.75,1.75,2.18,2.66,3.36,3.47,3.55,3.95,4.24,4.39,4.68,5.46,6.08,0.74,0.85,0.55,0.68,0.86,1.26,1.07,0.85,0.95,0.94,0.79,0.78,1.26,1.58,1.58
rule+2+5+7+10+20,674,0.16,171,9.38,1.12,1.73,1.56,1.82,2.33,2.49,2.87,3.48,4.07,4.2,4.76,5.05,5.32,5.65,6.05,1.13,0.66,0.62,0.83,0.69,0.77,1.08,1.37,1.2,1.46,1.45,1.42,1.45,1.55,1.55
rule+2+8+10+11+19+20,361,0.09,91,4.99,0.67,1.27,1.35,2.38,3.02,3.28,2.96,3.14,3.45,3.41,3.59,3.16,3.19,3.83,4.07,0.67,0.45,1.18,1.52,1.48,0.86,0.74,0.75,0.41,0.29,-0.44,-0.71,-0.37,-0.43,1.52
rule+1+10+11+19+20,6115,1.46,308,16.89,1.25,1.45,1.62,2.3,3.01,2.98,3.13,3.22,3.42,3.64,3.37,3.61,3.83,3.84,3.72,0.85,0.72,1.1,1.51,1.18,1.03,0.82,0.72,0.64,0.07,0.01,-0.07,-0.36,-0.78,1.51
rule+1+7+10+13+20+21,3005,0.72,100,5.48,0.87,1.79,2.2,2.7,2.48,2.63,2.64,3.51,3.4,3.52,3.91,4.55,5.05,5.33,5.16,1.19,1.3,1.5,0.98,0.83,0.54,1.11,0.7,0.52,0.61,0.95,1.15,1.13,0.66,1.5
rule+6+7+8+10+20,135,0.03,32,1.75,1.59,2.1,1.95,2.21,2.72,2.95,2.62,2.43,3.24,2.43,3.67,2.93,3.23,2.24,2.74,1.5,1.05,1.01,1.22,1.15,0.52,0.03,0.54,-0.57,0.37,-0.67,-0.67,-1.96,-1.76,1.5
rule+1+5+6+10+11+13+20,853,0.2,95,5.21,1.07,1.2,1.76,2.33,2.68,2.98,3.58,3.82,3.73,3.22,3.32,4.18,4.78,4.49,4.38,0.6,0.86,1.13,1.18,1.18,1.48,1.42,1.03,0.22,0.02,0.58,0.88,0.29,-0.12,1.48
rule+6+7+8+10+13+20,127,0.03,28,1.54,1.64,2.08,2.33,1.86,2.21,2.38,1.6,2.21,2.84,1.7,3.67,2.47,3.17,2.4,2.56,1.48,1.43,0.66,0.71,0.58,-0.5,-0.19,0.14,-1.3,0.37,-1.13,-0.73,-1.8,-1.94,1.48
rule+2+5+10+13+19+20+21,134,0.03,37,2.03,1.39,2.04,2.03,2.07,1.4,1.42,1.97,2.66,4.18,4.19,4.17,3.4,2.42,2.03,3.33,1.44,1.13,0.87,-0.1,-0.38,-0.13,0.26,1.48,1.19,0.87,-0.2,-1.48,-2.17,-1.17,1.48
rule+5+7+10+11+13+20+21,705,0.17,88,4.82,1.39,1.99,2.26,2.21,2.97,3.02,3.45,3.27,3.45,3.88,3.93,4.34,4.99,5.41,5.8,1.39,1.36,1.01,1.47,1.22,1.35,0.87,0.75,0.88,0.63,0.74,1.09,1.21,1.3,1.47
rule+2+5+10+13+20+21,258,0.06,61,3.34,0.98,1.55,1.85,2.01,2.05,2.59,3.02,3.1,4.16,3.81,4.2,3.61,3.09,2.63,3.55,0.95,0.95,0.81,0.55,0.79,0.92,0.7,1.46,0.81,0.9,0.01,-0.81,-1.57,-0.95,1.46
rule+1+7+8+10+19+20,1422,0.34,85,4.66,1.1,0.6,0.59,1.09,1.88,2.5,2.92,3.28,3.19,3.51,4.6,5.05,5.12,4.89,4.69,0,-0.31,-0.11,0.38,0.7,0.82,0.88,0.49,0.51,1.3,1.45,1.22,0.69,0.19,1.45
rule+2+7+8+10+19+20,602,0.14,131,7.18,0.95,1.23,1.85,2.3,2.7,3.01,3.54,3.84,3.89,4,4.18,3.82,4.12,4.13,4.59,0.63,0.95,1.1,1.2,1.21,1.44,1.44,1.19,1,0.88,0.22,0.22,-0.07,0.09,1.44
rule+3+7+8+10+11+20+21,128,0.03,67,3.67,1.25,1.26,2.17,2.28,2.38,2.51,2.66,3.03,3.39,3.8,4.18,5.03,4.71,4.26,3.75,0.66,1.27,1.08,0.88,0.71,0.56,0.63,0.69,0.8,0.88,1.43,0.81,0.06,-0.75,1.43
rule+1+5+7+10+11+13+19+20,771,0.18,68,3.73,0.9,0.88,0.43,1.84,2.67,2.58,3.42,3.82,3.81,3.39,3.49,3.39,3.16,2.37,3.37,0.28,-0.47,0.64,1.17,0.78,1.32,1.42,1.11,0.39,0.19,-0.21,-0.74,-1.83,-1.13,1.42
rule+2+5+10+11+19+20+21,145,0.03,47,2.58,1.53,2.02,1.98,0.97,1.38,0.95,1.62,1.58,3.04,2.67,2.06,2.47,2.31,2.52,2.71,1.42,1.08,-0.23,-0.12,-0.85,-0.48,-0.82,0.34,-0.33,-1.24,-1.13,-1.59,-1.68,-1.79,1.42
rule+2+5+10+11+20+21,242,0.06,73,4,1.06,1.76,1.74,1.04,1.87,2.21,2.91,3.31,4.11,3.58,3.7,3.3,3.86,4.71,5.6,1.16,0.84,-0.16,0.37,0.41,0.81,0.91,1.41,0.58,0.4,-0.3,-0.04,0.51,1.1,1.41
rule+1+10+11+13+19+20,2899,0.69,204,11.18,0.99,1.16,1.31,2.27,2.91,2.91,3.15,3.47,3.64,3.57,3.35,3.52,3.64,3.72,4.07,0.56,0.41,1.07,1.41,1.11,1.05,1.07,0.94,0.57,0.05,-0.08,-0.26,-0.48,-0.43,1.41
rule+2+7+10+11+13+19+20+21,136,0.03,47,2.58,0.8,1.44,2.3,1.98,1.36,0.89,1.45,1.1,0.96,1.55,1.82,1.39,0.79,0.26,0.28,0.84,1.4,0.78,-0.14,-0.91,-0.65,-1.3,-1.74,-1.45,-1.48,-2.21,-3.11,-3.94,-4.22,1.4
rule+1+5+10+13+20+21,2626,0.63,145,7.95,1.08,1.72,2.12,2.59,2.74,3.1,3.16,3.34,3.64,3.47,3.75,3.68,3.68,4.65,4.78,1.12,1.22,1.39,1.24,1.3,1.06,0.94,0.94,0.47,0.45,0.08,-0.22,0.45,0.28,1.39
rule+1+6+7+10+13+20,1811,0.43,77,4.22,1.34,1.37,2.04,2.38,2.82,3.19,3.31,3.36,3.4,3.14,3.11,3.22,3.14,3.17,2.87,0.77,1.14,1.18,1.32,1.39,1.21,0.96,0.7,0.14,-0.19,-0.38,-0.76,-1.03,-1.63,1.39
rule+6+8+10+13+20,142,0.03,31,1.7,1.63,1.82,2.27,2.16,2.29,2.45,1.73,2.35,3.11,1.87,3.3,2.4,3.2,2.19,2.53,1.22,1.37,0.96,0.79,0.65,-0.37,-0.05,0.41,-1.13,0,-1.2,-0.7,-2.01,-1.97,1.37
rule+2+7+10+11+19+20+21,189,0.04,61,3.34,0.96,1.33,2.27,2.19,1.87,1.46,1.8,1.28,1.49,2.01,2.35,2.59,2.38,2.37,2.22,0.73,1.37,0.99,0.37,-0.34,-0.3,-1.12,-1.21,-0.99,-0.95,-1.01,-1.52,-1.83,-2.28,1.37
rule+6+10+11+13+19+20+21,199,0.05,29,1.59,1.8,1.97,0.91,0.49,0.89,1.56,2.29,1.29,1.46,-0.14,-0.29,-0.87,-0.72,-0.28,1.76,1.37,0.01,-0.71,-0.61,-0.24,0.19,-1.11,-1.24,-3.14,-3.59,-4.47,-4.62,-4.48,-2.74,1.37
rule+1+7+10+13+20,8551,2.04,230,12.61,1.36,1.8,2.26,2.34,2.79,2.9,3.13,3.36,3.29,3.38,3.91,4.64,4.69,4.49,4.34,1.2,1.36,1.14,1.29,1.1,1.03,0.96,0.59,0.38,0.61,1.04,0.79,0.29,-0.16,1.36
rule+1+7+8+10+13+20,1554,0.37,79,4.33,1.72,1.93,1.9,2.28,2.04,2.04,2.48,2.29,2.53,2.42,3.26,4.35,4.31,4.56,4.53,1.33,1,1.08,0.54,0.24,0.38,-0.11,-0.17,-0.58,-0.04,0.75,0.41,0.36,0.03,1.33
rule+2+5+7+10+11+13+20+21,54,0.01,25,1.37,1.06,1.93,1.76,0.75,0.79,1.9,1.01,1.6,2.57,1.57,2.18,1.14,0.87,1.51,2.46,1.33,0.86,-0.45,-0.71,0.1,-1.09,-0.8,-0.13,-1.43,-1.12,-2.46,-3.03,-2.69,-2.04,1.33
rule+6+10+13+20+21,1334,0.32,81,4.44,1.19,1.93,2.11,2.32,1.97,2.25,1.72,2.17,1.63,1.04,1.2,1.72,0.98,1.17,0.87,1.33,1.21,1.12,0.47,0.45,-0.38,-0.23,-1.07,-1.96,-2.1,-1.88,-2.92,-3.03,-3.63,1.33
rule+1+5+10+11+13+20,3011,0.72,243,13.32,0.88,1.24,1.46,2.11,2.81,3.04,2.87,3.23,3.53,3.62,3.66,3.79,3.78,4.06,4.12,0.64,0.56,0.91,1.31,1.24,0.77,0.83,0.83,0.62,0.36,0.19,-0.12,-0.14,-0.38,1.31
rule+6+10+11+13+19+20,721,0.17,97,5.32,1.26,1.51,1.57,2.5,2.71,2.76,3.11,3.69,3.82,3.01,2.94,2.76,3.18,3.25,3.22,0.91,0.67,1.3,1.21,0.96,1.01,1.29,1.12,0.01,-0.36,-0.84,-0.72,-0.95,-1.28,1.3
rule+5+7+10+13+19+20,4686,1.12,235,12.88,1.22,1.77,1.86,2.3,2.8,2.98,3.29,3.4,3.58,3.54,4,4.22,4.29,4.64,5.1,1.17,0.96,1.1,1.3,1.18,1.19,1,0.88,0.54,0.7,0.62,0.39,0.44,0.6,1.3
rule+5+10+11+19+20,8136,1.94,448,24.56,0.94,1.37,1.76,2.11,2.8,2.9,2.95,3.15,3.41,3.51,3.42,3.76,4.13,4.47,4.53,0.77,0.86,0.91,1.3,1.1,0.85,0.75,0.71,0.51,0.12,0.16,0.23,0.27,0.03,1.3
rule+5+7+10+11+19+20+21,583,0.14,69,3.78,1.03,1.89,1.22,1.01,1.53,1.93,2.09,1.98,2.44,3.04,3.14,3.35,3.83,3.75,3.29,1.29,0.32,-0.19,0.03,0.13,-0.01,-0.42,-0.26,0.04,-0.16,-0.25,-0.07,-0.45,-1.21,1.29
rule+1+5+10+11+20,6102,1.45,364,19.96,0.96,1.31,1.56,2.17,2.78,3.03,3.16,3.29,3.5,3.6,3.59,3.57,3.61,3.87,4.03,0.71,0.66,0.97,1.28,1.23,1.06,0.89,0.8,0.6,0.29,-0.03,-0.29,-0.33,-0.47,1.28
rule+3+8+10+11+19+20+21,138,0.03,61,3.34,1.14,1.24,1.88,1.7,1.28,1.98,2.61,3.18,3.98,4.26,4.44,4.37,3.7,2.89,2.22,0.64,0.98,0.5,-0.22,0.18,0.51,0.78,1.28,1.26,1.14,0.77,-0.2,-1.31,-2.28,1.28
rule+6+10+11+20,3498,0.83,239,13.1,0.98,1.22,1.83,2.43,2.53,2.79,3.23,3.67,3.7,3.79,3.62,3.45,3.47,3.74,3.76,0.62,0.93,1.23,1.03,0.99,1.13,1.27,1,0.79,0.32,-0.15,-0.43,-0.46,-0.74,1.27
rule+1+5+7+10+20,5895,1.4,219,12.01,0.97,1.31,1.56,1.85,2.19,2.65,3.35,3.52,3.25,3.54,3.88,4.11,4.45,4.61,4.3,0.71,0.66,0.65,0.69,0.85,1.25,1.12,0.55,0.54,0.58,0.51,0.55,0.41,-0.2,1.25
rule+1+6+7+10+20,1889,0.45,79,4.33,1.34,1.57,2.11,2.33,2.67,3.05,3.26,3.35,3.37,3.17,3.35,3.4,3.45,3.46,3.15,0.97,1.21,1.13,1.17,1.25,1.16,0.95,0.67,0.17,0.05,-0.2,-0.45,-0.74,-1.35,1.25
rule+5+7+8+10+19+20+21,828,0.2,112,6.14,0.87,1.44,1.35,1.29,1.8,2.71,3.02,3.41,3.93,4.07,4.33,4.76,4.81,4.78,4.2,0.84,0.45,0.09,0.3,0.91,0.92,1.01,1.23,1.07,1.03,1.16,0.91,0.58,-0.3,1.23
rule+5+7+10+11+20+21,918,0.22,112,6.14,1.24,1.82,1.8,1.59,2.23,2.49,2.98,2.66,2.71,3.22,3.23,3.82,4.55,4.86,5.24,1.22,0.9,0.39,0.73,0.69,0.88,0.26,0.01,0.22,-0.07,0.22,0.65,0.66,0.74,1.22
rule+1+10+11+13+20,5000,1.19,281,15.41,0.91,1.29,1.49,2.09,2.72,2.89,2.82,3.05,3.23,3.41,3.6,3.76,3.83,3.88,3.96,0.69,0.59,0.89,1.22,1.09,0.72,0.65,0.53,0.41,0.3,0.16,-0.07,-0.32,-0.54,1.22
rule+2+5+10+11+13+20,389,0.09,95,5.21,1.3,1.8,1.78,1.49,1.86,2.36,2.49,3.12,3.8,3.55,3.79,3.82,4.47,5,5.57,1.2,0.88,0.29,0.36,0.56,0.39,0.72,1.1,0.55,0.49,0.22,0.57,0.8,1.07,1.2
rule+2+8+10+13+19+20+21,232,0.06,39,2.14,1.19,1.6,2.09,1.56,1.57,1.71,2.69,2.93,3.12,2.74,2.41,2.27,0.89,0.31,0.48,1,1.19,0.36,0.07,-0.09,0.59,0.53,0.42,-0.26,-0.89,-1.33,-3.01,-3.89,-4.02,1.19
rule+6+10+13+20,5381,1.28,216,11.84,1.32,1.69,1.95,2.37,2.29,2.44,2.54,2.6,2.83,2.69,2.52,3.22,3.29,3.24,3.04,1.09,1.05,1.17,0.79,0.64,0.44,0.2,0.13,-0.31,-0.78,-0.38,-0.61,-0.96,-1.46,1.17
rule+1+10+13+20+21,4875,1.16,180,9.87,0.88,1.77,1.88,2.19,1.85,2.11,2.25,2.57,2.87,2.89,3.19,3.17,3.07,3.38,3.66,1.17,0.98,0.99,0.35,0.31,0.15,0.17,0.17,-0.11,-0.11,-0.43,-0.83,-0.82,-0.84,1.17
rule+2+7+8+10+19+20+21,266,0.06,64,3.51,1.09,1.46,1.95,2.23,2.35,2.56,3.06,3.23,3.49,4.15,3.96,3.75,3.68,3.16,3.86,0.86,1.05,1.03,0.85,0.76,0.96,0.83,0.79,1.15,0.66,0.15,-0.22,-1.04,-0.64,1.15
rule+3+7+8+10+11+13+20+21,88,0.02,52,2.85,1.27,1.16,1.6,1.46,1.41,1.19,1.52,1.87,2.55,3.03,3.53,4.69,5.05,4.82,4.65,0.56,0.7,0.26,-0.09,-0.61,-0.58,-0.53,-0.15,0.03,0.23,1.09,1.15,0.62,0.15,1.15
rule+2+7+10+19+20+21,809,0.19,165,9.05,0.97,1.52,2.02,2.16,2.04,2.04,2.59,2.82,3.47,3.88,3.99,4.1,4.33,4.28,4.55,0.92,1.12,0.96,0.54,0.24,0.49,0.42,0.77,0.88,0.69,0.5,0.43,0.08,0.05,1.12
rule+3+5+7+10+11+20,45,0.01,31,1.7,1.16,0.5,1.17,1.01,2.12,1.82,1.95,3.07,3.81,3.48,3.56,3.79,4.46,4.31,4.59,-0.1,0.27,-0.19,0.62,0.02,-0.15,0.67,1.11,0.48,0.26,0.19,0.56,0.11,0.09,1.11
rule+5+7+10+13+20+21,2340,0.56,157,8.61,0.83,1.58,2,2.22,2.5,2.85,3.04,3.23,3.52,3.55,3.48,3.51,3.8,4.33,4.41,0.98,1.1,1.02,1,1.05,0.94,0.83,0.82,0.55,0.18,-0.09,-0.1,0.13,-0.09,1.1
rule+5+7+8+10+11+13+19+20,254,0.06,56,3.07,1.2,1.13,1.55,1.62,2.06,2.44,3.18,3.12,2.74,2.87,3.17,3.64,3.93,4.79,5.14,0.53,0.65,0.42,0.56,0.64,1.08,0.72,0.04,-0.13,-0.13,0.04,0.03,0.59,0.64,1.08
rule+2+7+8+10+20,957,0.23,167,9.16,1.01,1.21,1.65,1.8,2.29,2.59,3.17,3.48,3.7,3.9,3.99,3.54,3.77,3.93,4.09,0.61,0.75,0.6,0.79,0.79,1.07,1.08,1,0.9,0.69,-0.06,-0.13,-0.27,-0.41,1.08
rule+1+5+10+11+13+19+20,1769,0.42,180,9.87,0.98,1.1,1.08,1.93,2.56,2.65,2.73,3.02,3.39,3.16,2.92,2.97,2.93,3.24,3.63,0.5,0.18,0.73,1.06,0.85,0.63,0.62,0.69,0.16,-0.38,-0.63,-0.97,-0.96,-0.87,1.06
rule+6+10+11+19+20+21,600,0.14,59,3.23,1.97,1.6,1.33,1.59,2.56,2.57,2.63,2.3,2.67,2.26,1.75,1.78,2.47,2.85,3.61,1,0.43,0.39,1.06,0.77,0.53,-0.1,-0.03,-0.74,-1.55,-1.82,-1.43,-1.35,-0.89,1.06
rule+1+7+8+10+11+19+20,303,0.07,40,2.19,2.17,1.5,1.48,2.14,2.38,2.09,3.06,3.46,3.14,3.5,2.83,2.75,1.95,2.25,2.81,0.9,0.58,0.94,0.88,0.29,0.96,1.06,0.44,0.5,-0.47,-0.85,-1.95,-1.95,-1.69,1.06
rule+2+5+7+10+13+19+20,206,0.05,70,3.84,1.5,1.58,1.65,1.25,1.2,1.36,2.04,3.05,3.76,3.21,4.28,4.34,4.48,4.63,4.94,0.98,0.75,0.05,-0.3,-0.44,-0.06,0.65,1.06,0.21,0.98,0.74,0.58,0.43,0.44,1.06
rule+1+8+10+20,6043,1.44,299,16.39,0.7,0.9,1.03,1.39,2.03,2.51,3.14,3.41,3.76,3.98,4.17,4.42,4.36,4.44,4.42,0.3,0.13,0.19,0.53,0.71,1.04,1.01,1.06,0.98,0.87,0.82,0.46,0.24,-0.08,1.06
rule+5+7+8+10+13+20,1658,0.39,146,8,1.08,1.65,1.52,1.74,2.04,2.46,2.9,3.28,3.57,3.68,4.02,4.24,4.45,4.55,4.62,1.05,0.62,0.54,0.54,0.66,0.8,0.88,0.87,0.68,0.72,0.64,0.55,0.35,0.12,1.05
rule+5+6+10+11+13+19+20,521,0.12,72,3.95,1.33,1.65,1.61,1.95,2.06,2.19,2.7,2.86,3.22,2.46,2.68,3.06,3.68,3.55,3.72,1.05,0.71,0.75,0.56,0.39,0.6,0.46,0.52,-0.54,-0.62,-0.54,-0.22,-0.65,-0.78,1.05
rule+2+7+8+10+11+20,252,0.06,75,4.11,0.61,0.73,0.82,1.31,2.19,2.6,3.01,3.4,3.75,3.37,3.61,2.57,2.46,2.6,2.83,0.13,-0.08,0.11,0.69,0.8,0.91,1,1.05,0.37,0.31,-1.03,-1.44,-1.6,-1.67,1.05
rule+3+8+10+11+13+19+20+21,75,0.02,39,2.14,1.39,1.15,1.95,1.86,0.91,0.79,1.56,1.84,2.68,2.61,3.51,3.76,3.38,3.16,2.8,0.55,1.05,0.66,-0.59,-1.01,-0.54,-0.56,-0.02,-0.39,0.21,0.16,-0.52,-1.04,-1.7,1.05
rule+2+5+7+10+11+19+20,137,0.03,49,2.69,1.21,1.64,1.26,0.92,1.06,1.1,1.06,1.2,1.8,1.49,2.5,3.05,3.66,3.98,4.82,1.04,0.36,-0.28,-0.44,-0.7,-1.04,-1.2,-0.9,-1.51,-0.8,-0.55,-0.24,-0.22,0.32,1.04
rule+1+7+10+20,10728,2.55,291,15.95,1.25,1.56,1.94,1.97,2.32,2.63,3,2.92,2.69,3.06,3.39,3.78,3.87,3.7,3.55,0.96,1.04,0.77,0.82,0.83,0.9,0.52,-0.01,0.06,0.09,0.18,-0.03,-0.5,-0.95,1.04
rule+1+5+10+13+19+20,5705,1.36,264,14.47,1.11,1.18,1.26,1.82,2.38,2.83,2.84,2.95,3.33,3.5,3.39,3.61,3.82,4.01,3.96,0.58,0.36,0.62,0.88,1.03,0.74,0.55,0.63,0.5,0.09,0.01,-0.08,-0.19,-0.54,1.03
rule+1+6+10+13+20,5000,1.19,195,10.69,1.21,1.55,1.77,2.23,2.13,2.47,2.87,3.09,3.2,3.16,3.11,3.59,3.7,3.92,3.74,0.95,0.87,1.03,0.63,0.67,0.77,0.69,0.5,0.16,-0.19,-0.01,-0.2,-0.28,-0.76,1.03
rule+2+5+7+10+11+20,235,0.06,77,4.22,1.27,1.63,1.19,0.86,1.64,2.06,2.22,2.46,3.17,2.81,2.91,3.09,3.61,3.89,4.91,1.03,0.29,-0.34,0.14,0.26,0.12,0.06,0.47,-0.19,-0.39,-0.51,-0.29,-0.31,0.41,1.03
rule+3+5+7+10+19+20+21,42,0.01,35,1.92,0.59,0.79,0.77,1.01,1.86,2.06,2.28,2.99,3.7,3.68,3.93,3.13,3.99,3.77,3.61,0.19,-0.13,-0.19,0.36,0.26,0.18,0.59,1,0.68,0.63,-0.47,0.09,-0.43,-0.89,1
rule+2+7+10+11+20+21,316,0.08,95,5.21,1.21,1.35,1.9,2.03,2.48,2.24,2.91,2.86,3.46,3.62,3.61,3.79,3.88,4.67,5.11,0.75,1,0.83,0.98,0.44,0.81,0.46,0.76,0.62,0.31,0.19,-0.02,0.47,0.61,1
rule+5+7+8+10+11+19+20,388,0.09,85,4.66,0.84,1.1,1.19,1.3,1.83,2.09,2.88,2.64,2.52,2.95,3.58,4.6,4.85,5.11,5,0.5,0.29,0.1,0.33,0.29,0.78,0.24,-0.18,-0.05,0.28,1,0.95,0.91,0.5,1
rule+5+10+13+20+21,5346,1.27,294,16.12,0.98,1.59,1.76,1.82,1.71,1.83,1.87,1.99,2.15,2.12,2.12,2.16,2.33,2.77,3.25,0.99,0.86,0.62,0.21,0.03,-0.23,-0.41,-0.55,-0.88,-1.18,-1.44,-1.57,-1.43,-1.25,0.99
rule+1+7+8+10+11+13+19+20,247,0.06,33,1.81,1.95,1.58,1.8,2.02,2.1,1.74,2.7,2.9,2.69,2.93,2.77,3.07,1.86,1.46,2.08,0.98,0.9,0.82,0.6,-0.06,0.6,0.5,-0.01,-0.07,-0.53,-0.53,-2.04,-2.74,-2.42,0.98
rule+3+5+7+10+13+19+20,33,0.01,25,1.37,0.32,-1.14,-0.31,-0.21,0.71,0.36,0.69,2.5,3.23,2.55,3.12,3.44,4.88,4.76,4.99,-1.74,-1.21,-1.41,-0.79,-1.44,-1.41,0.1,0.53,-0.45,-0.18,-0.16,0.98,0.56,0.49,0.98
rule+5+7+8+10+19+20,1882,0.45,216,11.84,0.7,1.31,1.37,1.69,2.16,2.22,2.75,3.38,3.65,3.46,4.12,4.48,4.83,4.98,4.95,0.71,0.47,0.49,0.66,0.42,0.65,0.98,0.95,0.46,0.82,0.88,0.93,0.78,0.45,0.98
rule+5+8+10+13+20,2767,0.66,204,11.18,0.97,1.34,1.45,1.57,1.87,2.4,2.86,3.11,3.53,3.7,3.94,4.57,4.85,4.91,5.22,0.74,0.55,0.37,0.37,0.6,0.76,0.71,0.83,0.7,0.64,0.97,0.95,0.71,0.72,0.97
rule+1+7+8+10+13+19+20,1101,0.26,58,3.18,0.99,0.65,0.86,1.44,1.68,2.17,2.91,3.21,3.02,2.64,3.87,4.56,4.16,3.95,4.35,0.05,-0.04,0.24,0.18,0.37,0.81,0.81,0.32,-0.36,0.57,0.96,0.26,-0.25,-0.15,0.96
rule+5+10+13+19+20+21,2979,0.71,183,10.03,0.9,1.55,1.62,1.89,1.95,2.36,2.16,2.4,2.21,2.31,2.53,2.44,2.74,2.97,3.36,0.95,0.72,0.69,0.45,0.56,0.06,0,-0.49,-0.69,-0.77,-1.16,-1.16,-1.23,-1.14,0.95
rule+2+7+10+13+19+20+21,426,0.1,79,4.33,0.8,1.2,1.85,1.79,1.63,1.17,1.47,1.44,1.55,1.71,2.15,1.96,1.6,1.52,1.84,0.6,0.95,0.59,0.13,-0.63,-0.63,-0.96,-1.15,-1.29,-1.15,-1.64,-2.3,-2.68,-2.66,0.95
rule+6+7+10+20,2046,0.49,95,5.21,0.99,1.3,1.85,2.08,2.13,2.16,2.18,2.15,2.28,1.99,1.78,2.05,1.6,1.21,0.85,0.7,0.95,0.88,0.63,0.36,0.08,-0.25,-0.42,-1.01,-1.52,-1.55,-2.3,-2.99,-3.65,0.95
rule+2+7+8+10+11+13+19+20,121,0.03,46,2.52,0.79,0.71,0.73,2.15,2,2.05,2.29,2.99,3.12,2.86,3.56,2.76,2.86,2.7,3.32,0.11,-0.17,0.95,0.5,0.25,0.19,0.59,0.42,-0.14,0.26,-0.84,-1.04,-1.5,-1.18,0.95
rule+5+8+10+19+20+21,2497,0.59,276,15.13,0.63,0.97,1.31,1.71,2.23,2.74,3.01,3.07,3.24,3.42,3.74,4.33,4.44,4.47,4.57,0.37,0.41,0.51,0.73,0.94,0.91,0.67,0.54,0.42,0.44,0.73,0.54,0.27,0.07,0.94
rule+6+7+10+13+20,1945,0.46,89,4.88,1.08,1.26,1.82,2.01,2.4,2.46,2.36,2.41,2.46,1.91,1.55,1.85,1.28,1,0.64,0.66,0.92,0.81,0.9,0.66,0.26,0.01,-0.24,-1.09,-1.75,-1.75,-2.62,-3.2,-3.86,0.92
rule+5+7+10+11+13+20,2466,0.59,214,11.73,0.94,1.39,1.63,2.02,2.41,2.65,2.94,3.04,3.19,3.45,3.81,4.17,4.61,5,5.34,0.79,0.73,0.82,0.91,0.85,0.84,0.64,0.49,0.45,0.51,0.57,0.71,0.8,0.84,0.91
rule+1+7+8+10+20,2155,0.51,106,5.81,1.41,1.36,1.14,1.58,1.96,2.25,2.51,2.55,2.68,2.94,3.81,4.49,4.71,4.68,4.54,0.76,0.24,0.38,0.46,0.45,0.41,0.15,-0.02,-0.06,0.51,0.89,0.81,0.48,0.04,0.89
rule+2+7+10+11+13+20+21,251,0.06,77,4.22,1.15,1.21,1.78,1.86,2.18,1.65,2.32,2.64,3.05,3.22,3.48,3.47,3.59,4.03,4.4,0.61,0.88,0.66,0.68,-0.15,0.22,0.24,0.35,0.22,0.18,-0.13,-0.31,-0.17,-0.1,0.88
rule+1+5+6+10+11+13+19+20,503,0.12,67,3.67,1.42,1.48,1.33,1.52,1.6,1.66,2.33,2.57,2.93,2.06,2.09,2.34,3.28,3.11,3.18,0.88,0.43,0.32,0.1,-0.14,0.23,0.17,0.23,-0.94,-1.21,-1.26,-0.62,-1.09,-1.32,0.88
rule+2+7+8+10+11+13+20,189,0.04,57,3.12,0.81,0.52,0.28,1.35,1.48,1.67,2.1,3.21,3.58,2.92,3.2,1.91,1.98,1.69,2.04,-0.08,-0.62,0.15,-0.02,-0.13,0,0.81,0.88,-0.08,-0.1,-1.69,-1.92,-2.51,-2.46,0.88
rule+3+8+10+11+13+20+21,149,0.04,65,3.56,1.31,1.37,1.77,1.64,1.58,1.6,1.83,1.96,2.36,2.09,2.75,3.29,3.67,3.98,4.03,0.77,0.87,0.44,0.08,-0.2,-0.27,-0.44,-0.34,-0.91,-0.55,-0.31,-0.23,-0.22,-0.47,0.87
rule+2+7+8+10+13+20,529,0.13,98,5.37,0.84,0.94,1.13,1.89,1.86,2.13,2.55,3.26,3.2,3.2,2.9,2.11,2.64,2.53,2.59,0.34,0.23,0.69,0.36,0.33,0.45,0.86,0.5,0.2,-0.4,-1.49,-1.26,-1.67,-1.91,0.86
rule+3+7+8+10+13+19+20+21,135,0.03,74,4.06,1.08,0.95,1.02,0.87,0.29,0.43,1.31,1.72,2.93,3.64,4.13,4.44,4.3,4.16,3.68,0.35,0.12,-0.33,-1.21,-1.37,-0.79,-0.68,0.23,0.64,0.83,0.84,0.4,-0.04,-0.82,0.84
rule+1+5+10+19+20+21,6606,1.57,345,18.91,0.82,1.07,1.08,1.23,1.32,1.74,2.34,2.58,2.8,3.36,3.56,3.83,4.31,4.97,5.33,0.47,0.18,0.03,-0.18,-0.06,0.24,0.18,0.1,0.36,0.26,0.23,0.41,0.77,0.83,0.83
rule+2+7+8+10+11+20+21,92,0.02,38,2.08,0.82,0.65,1.21,1.68,2.27,2.55,2.58,3.11,3.51,3.21,2.59,1.3,0.36,0.62,0.38,0.05,0.31,0.48,0.77,0.75,0.48,0.71,0.81,0.21,-0.71,-2.3,-3.54,-3.58,-4.12,0.81
rule+2+5+7+10+11+13+20,184,0.04,60,3.29,1.26,1.4,1.24,0.58,1.17,1.55,1.52,2.27,3.19,2.82,2.88,3.08,3.46,4.11,5.03,0.8,0.34,-0.62,-0.33,-0.25,-0.58,-0.13,0.49,-0.18,-0.42,-0.52,-0.44,-0.09,0.53,0.8
rule+1+10+11+20,9765,2.32,406,22.26,0.92,1.25,1.38,1.8,2.29,2.38,2.47,2.52,2.68,2.89,2.91,2.87,2.92,3.02,3.07,0.65,0.48,0.6,0.79,0.58,0.37,0.12,-0.02,-0.11,-0.39,-0.73,-0.98,-1.18,-1.43,0.79
rule+2+8+10+13+20+21,340,0.08,57,3.12,1,1.3,1.49,1.5,1.92,1.93,2.46,3.18,3.31,3.37,3.05,2.56,1.67,1.19,1.56,0.7,0.59,0.3,0.42,0.13,0.36,0.78,0.61,0.37,-0.25,-1.04,-2.23,-3.01,-2.94,0.78
rule+3+7+8+10+13+20+21,245,0.06,108,5.92,1.1,1.09,1.29,1.22,1.5,1.42,1.75,1.96,2.65,3.2,3.76,4.23,4.68,4.72,4.66,0.49,0.39,0.02,0,-0.38,-0.35,-0.44,-0.05,0.2,0.46,0.63,0.78,0.52,0.16,0.78
rule+5+7+10+11+13+19+20,1506,0.36,138,7.57,0.8,0.99,0.93,1.53,1.94,2.15,2.87,2.83,2.97,3.24,3.34,3.6,3.92,4.26,4.46,0.39,0.03,0.33,0.44,0.35,0.77,0.43,0.27,0.24,0.04,0,0.02,0.06,-0.04,0.77
rule+3+7+8+10+11+13+19+20+21,37,0.01,32,1.75,1.34,0.88,1.67,1.48,0.28,-0.21,0.58,1.41,2.5,2.8,3.14,4.16,3.81,3.18,2.38,0.28,0.77,0.28,-1.22,-2.01,-1.52,-0.99,-0.2,-0.2,-0.16,0.56,-0.09,-1.02,-2.12,0.77
rule+2+5+10+11+19+20,502,0.12,125,6.85,0.83,1.35,1.45,1.72,2.15,2.01,2.25,2.17,2.63,2.58,2.95,3.59,4.14,4.86,4.98,0.75,0.55,0.52,0.65,0.21,0.15,-0.23,-0.07,-0.42,-0.35,-0.01,0.24,0.66,0.48,0.75
rule+3+7+8+10+20+21,718,0.17,235,12.88,0.98,1.35,1.48,1.65,2,2.29,2.75,2.85,3.24,3.4,3.42,3.52,3.75,3.87,3.92,0.75,0.58,0.45,0.5,0.49,0.65,0.45,0.54,0.4,0.12,-0.08,-0.15,-0.33,-0.58,0.75
rule+2+8+10+19+20+21,742,0.18,164,8.99,0.92,1.35,1.56,1.37,1.44,1.86,2.37,2.67,2.66,2.92,2.76,2.88,2.81,2.9,3.21,0.75,0.66,0.17,-0.06,0.06,0.27,0.27,-0.04,-0.08,-0.54,-0.72,-1.09,-1.3,-1.29,0.75
rule+5+7+8+10+20+21,1203,0.29,141,7.73,0.92,1.19,1.17,1.13,1.73,2.45,2.56,2.72,3.43,3.46,3.51,3.91,4.09,3.91,3.44,0.59,0.27,-0.07,0.23,0.65,0.46,0.32,0.73,0.46,0.21,0.31,0.19,-0.29,-1.06,0.73
rule+5+10+11+20,13449,3.2,615,33.72,0.84,1.03,1.42,1.76,2.22,2.44,2.59,2.84,3,3.25,3.4,3.65,3.9,4.25,4.47,0.43,0.52,0.56,0.72,0.64,0.49,0.44,0.3,0.25,0.1,0.05,0,0.05,-0.03,0.72
rule+3+8+10+11+20+21,240,0.06,91,4.99,1.02,1.22,1.62,1.31,1.42,1.98,2.2,2.59,3.07,3.21,3.39,3.62,3.49,3.22,2.77,0.62,0.72,0.11,-0.08,0.18,0.1,0.19,0.37,0.21,0.09,0.02,-0.41,-0.98,-1.73,0.72
rule+3+7+8+10+19+20+21,443,0.11,187,10.25,0.88,1.1,1.29,1.41,1.4,1.93,2.71,2.75,3.41,3.58,3.67,3.85,3.92,4.03,4.16,0.5,0.39,0.21,-0.1,0.13,0.61,0.35,0.71,0.58,0.37,0.25,0.02,-0.17,-0.34,0.71
rule+2+8+10+13+20,801,0.19,123,6.74,0.96,1.22,1.26,1.69,1.81,2.12,2.6,3.11,3.1,3.08,3.04,2.49,2.65,2.52,2.32,0.62,0.36,0.49,0.31,0.32,0.5,0.71,0.4,0.08,-0.26,-1.11,-1.25,-1.68,-2.18,0.71
rule+1+5+10+13+20,9946,2.37,398,21.82,0.9,1.3,1.51,1.66,1.81,1.87,2,2.21,2.74,2.92,3.27,3.46,3.34,3.46,3.2,0.7,0.61,0.46,0.31,0.07,-0.1,-0.19,0.04,-0.08,-0.03,-0.14,-0.56,-0.74,-1.3,0.7
rule+3+5+10+13+20,202,0.05,72,3.95,0.71,0.83,1.23,1.05,1.13,1.22,1.5,2.56,3.38,2.63,2.72,2.6,2.89,3.72,4.57,0.23,0.33,-0.15,-0.37,-0.58,-0.6,0.16,0.68,-0.37,-0.58,-1,-1.01,-0.48,0.07,0.68
rule+3+7+10+11+19+20+21,265,0.06,107,5.87,0.99,0.67,1.57,1.38,1.6,1.2,1.32,1.53,2.02,1.61,2.33,2.64,2.28,2.41,2.95,0.07,0.67,0.18,0.1,-0.6,-0.78,-0.87,-0.68,-1.39,-0.97,-0.96,-1.62,-1.79,-1.55,0.67
rule+2+7+10+13+20+21,666,0.16,126,6.91,0.96,1,1.57,1.34,1.34,0.86,1.28,1.46,1.76,2.02,2.38,2.46,2.48,2.68,2.91,0.4,0.67,0.14,-0.16,-0.94,-0.82,-0.94,-0.94,-0.98,-0.92,-1.14,-1.42,-1.52,-1.59,0.67
rule+2+7+10+20+21,1192,0.28,223,12.23,0.98,1.26,1.56,1.66,1.59,1.5,2.12,2.48,3.02,3.31,3.37,3.7,4.04,4.32,4.59,0.66,0.66,0.46,0.09,-0.3,0.02,0.08,0.32,0.31,0.07,0.1,0.14,0.12,0.09,0.66
rule+5+7+8+10+11+20,618,0.15,110,6.03,0.66,0.8,0.87,0.95,1.52,2.08,2.73,2.58,2.82,3.14,3.67,4.26,4.5,4.71,4.82,0.2,-0.03,-0.25,0.02,0.28,0.63,0.18,0.12,0.14,0.37,0.66,0.6,0.51,0.32,0.66
rule+1+10+13+19+20,10112,2.41,309,16.94,1,0.95,1.09,1.37,1.93,2.45,2.64,2.59,2.7,3.12,3.1,3.38,3.38,3.53,3.5,0.35,0.19,0.17,0.43,0.65,0.54,0.19,0,0.12,-0.2,-0.22,-0.52,-0.67,-1,0.65
rule+5+7+10+13+20,7428,1.77,341,18.7,0.91,1.25,1.44,1.69,1.71,1.88,2.3,2.43,2.71,2.71,3.1,3.3,3.44,3.8,3.98,0.65,0.54,0.49,0.21,0.08,0.2,0.03,0.01,-0.29,-0.2,-0.3,-0.46,-0.4,-0.52,0.65
rule+5+7+10+11+20,3397,0.81,264,14.47,0.74,1.24,1.47,1.79,2.15,2.43,2.56,2.49,2.74,2.97,3.24,3.8,4.35,4.6,4.85,0.64,0.57,0.59,0.65,0.63,0.46,0.09,0.04,-0.03,-0.06,0.2,0.45,0.4,0.35,0.65
rule+5+8+10+19+20,7204,1.72,514,28.18,0.49,0.91,1.36,1.84,2.15,2.19,2.34,2.67,2.94,3.05,3.26,3.81,3.85,3.95,4.12,0.31,0.46,0.64,0.65,0.39,0.24,0.27,0.24,0.05,-0.04,0.21,-0.05,-0.25,-0.38,0.65
rule+2+5+7+10+11+13+19+20,103,0.02,38,2.08,1.01,1.22,1.06,0.04,-0.34,-0.55,-0.03,0.21,1.03,0.86,1.85,2.01,2.45,2.62,2.91,0.62,0.16,-1.16,-1.84,-2.35,-2.13,-2.19,-1.67,-2.14,-1.45,-1.59,-1.45,-1.58,-1.59,0.62
rule+5+8+10+20+21,3901,0.93,352,19.3,0.68,0.91,1.02,1.29,1.81,2.34,2.67,2.8,3.06,3.21,3.53,4.22,4.44,4.49,4.5,0.31,0.12,0.09,0.31,0.54,0.57,0.4,0.36,0.21,0.23,0.62,0.54,0.29,0,0.62
rule+1+10+13+20,17574,4.18,458,25.11,0.91,1.21,1.28,1.24,1.31,1.37,1.51,1.62,1.87,2.05,2.36,2.53,2.37,2.44,2.21,0.61,0.38,0.04,-0.19,-0.43,-0.59,-0.78,-0.83,-0.95,-0.94,-1.07,-1.53,-1.76,-2.29,0.61
rule+2+7+8+10+11+19+20,168,0.04,61,3.34,0.4,0.38,0.83,1.57,2.06,2.39,2.48,2.81,2.92,3.11,3.58,3.1,3.25,3.58,3.87,-0.22,-0.07,0.37,0.56,0.59,0.38,0.41,0.22,0.11,0.28,-0.5,-0.65,-0.62,-0.63,0.59
rule+3+8+10+11+13+20,502,0.12,161,8.83,1.09,1.11,1.49,1.52,1.58,1.55,1.63,1.65,1.77,1.92,2.23,2.42,2.69,2.61,2.87,0.51,0.59,0.32,0.08,-0.25,-0.47,-0.75,-0.93,-1.08,-1.07,-1.18,-1.21,-1.59,-1.63,0.59
rule+5+7+8+10+20,3022,0.72,268,14.69,0.64,1.17,1.28,1.57,1.98,2.19,2.38,2.75,3.13,3.09,3.51,3.74,4.02,3.99,4.04,0.57,0.38,0.37,0.48,0.39,0.28,0.35,0.43,0.09,0.21,0.14,0.12,-0.21,-0.46,0.57
rule+5+7+10+19+20,7769,1.85,447,24.51,0.62,1.16,1.35,1.74,1.99,2.12,2.27,2.4,2.58,2.79,3.23,3.55,3.69,3.93,4.03,0.56,0.45,0.54,0.49,0.32,0.17,0,-0.12,-0.21,-0.07,-0.05,-0.21,-0.27,-0.47,0.56
rule+2+10+11+13+20+21,514,0.12,109,5.98,0.95,1.15,1.43,1.62,1.69,1.57,2.16,2.47,2.67,2.8,3.28,3.49,4,4.47,4.91,0.55,0.53,0.42,0.19,-0.23,0.06,0.07,-0.03,-0.2,-0.02,-0.11,0.1,0.27,0.41,0.55
rule+5+7+10+11+19+20,2199,0.52,184,10.09,0.73,1.15,1.09,1.54,1.89,2.16,2.54,2.47,2.79,3.13,3.25,3.92,4.37,4.65,4.66,0.55,0.19,0.34,0.39,0.36,0.44,0.07,0.09,0.13,-0.05,0.32,0.47,0.45,0.16,0.55
rule+5+10+11+13+19+20,3616,0.86,302,16.56,0.79,1.05,1.14,1.48,2.05,2.29,2.39,2.47,2.63,2.74,2.88,3.36,3.63,4.05,4.4,0.45,0.24,0.28,0.55,0.49,0.29,0.07,-0.07,-0.26,-0.42,-0.24,-0.27,-0.15,-0.1,0.55
rule+3+7+8+10+11+20,467,0.11,158,8.66,1.07,1.05,1.44,1.49,1.6,1.69,1.52,1.58,1.82,1.95,2.73,2.97,3.19,2.87,2.97,0.45,0.54,0.29,0.1,-0.11,-0.58,-0.82,-0.88,-1.05,-0.57,-0.63,-0.71,-1.33,-1.53,0.54
rule+3+8+10+13+20+21,425,0.1,130,7.13,1.09,1.13,1.22,1.23,1.8,1.88,2.19,2.51,3.12,3.28,3.52,3.44,3.6,3.51,3.51,0.53,0.32,0.03,0.3,0.08,0.09,0.11,0.42,0.28,0.22,-0.16,-0.3,-0.69,-0.99,0.53
rule+2+7+10+11+19+20,681,0.16,144,7.89,0.91,1.12,1.42,1.57,1.91,1.72,1.76,1.55,1.92,2.33,3.05,3.13,3.69,4.01,4.58,0.52,0.52,0.37,0.41,-0.08,-0.34,-0.85,-0.78,-0.67,-0.25,-0.47,-0.21,-0.19,0.08,0.52
rule+2+8+10+11+19+20+21,122,0.03,42,2.3,0.56,1.11,1.42,1.72,1.86,2.13,2.62,2.48,2.95,3.23,3.04,2.81,1.83,1.65,1.51,0.51,0.52,0.52,0.36,0.33,0.52,0.08,0.25,0.23,-0.26,-0.79,-2.07,-2.55,-2.99,0.52
rule+3+5+7+10+20+21,66,0.02,47,2.58,1.15,1.11,1.13,1.37,1.97,2.11,1.95,2.44,3.1,2.8,3.36,3.01,3.55,3.46,3.37,0.51,0.23,0.17,0.47,0.31,-0.15,0.04,0.4,-0.2,0.06,-0.59,-0.35,-0.74,-1.13,0.51
rule+2+8+10+20+21,1093,0.26,208,11.4,0.74,1.1,1.07,0.96,1.31,1.7,2.29,2.61,2.64,2.86,2.77,2.82,2.98,3.23,3.42,0.5,0.17,-0.24,-0.19,-0.1,0.19,0.21,-0.06,-0.14,-0.53,-0.78,-0.92,-0.97,-1.08,0.5
rule+1+5+6+10+19+20+21,1932,0.46,162,8.88,0.98,0.97,1.34,1.58,2,2.27,2.58,2.53,2.73,3.34,3.24,3.31,3.53,3.72,3.9,0.37,0.44,0.38,0.5,0.47,0.48,0.13,0.03,0.34,-0.06,-0.29,-0.37,-0.48,-0.6,0.5
rule+2+10+11+13+19+20+21,274,0.07,74,4.06,0.55,0.65,1.4,1.43,1.16,0.89,1.29,1.17,1.35,1.37,1.69,1.42,1.24,1.19,1.21,0.05,0.5,0.23,-0.34,-0.91,-0.81,-1.23,-1.35,-1.63,-1.61,-2.18,-2.66,-3.01,-3.29,0.5
rule+2+10+11+19+20+21,541,0.13,116,6.36,0.65,1.09,1.2,1.13,1.44,1.09,1.57,1.56,2.1,2.09,2.05,2.41,2.94,3.25,3.41,0.49,0.3,-0.07,-0.06,-0.71,-0.53,-0.84,-0.6,-0.91,-1.25,-1.19,-0.96,-0.95,-1.09,0.49
rule+2+5+7+10+13+20+21,105,0.03,35,1.92,1.11,1.09,1.13,0.25,0.52,1.36,1.06,1.3,3,2.32,2.55,1.65,0.98,0.93,1.55,0.49,0.23,-0.95,-0.98,-0.44,-1.04,-1.1,0.3,-0.68,-0.75,-1.95,-2.92,-3.27,-2.95,0.49
rule+3+8+10+13+19+20+21,243,0.06,84,4.61,1.18,1.03,0.97,0.7,0.5,0.77,1.77,2.13,3.16,3.45,3.78,3.67,3.25,2.96,2.43,0.43,0.07,-0.5,-1,-1.03,-0.33,-0.27,0.46,0.45,0.48,0.07,-0.65,-1.24,-2.07,0.48
rule+5+7+10+19+20+21,2554,0.61,236,12.94,0.39,1.07,1.26,1.59,1.7,2.08,2.31,2.58,2.87,3.27,3.53,3.93,4.21,4.31,4.15,0.47,0.36,0.39,0.2,0.28,0.21,0.18,0.17,0.27,0.23,0.33,0.31,0.11,-0.35,0.47
rule+2+10+13+20+21,1385,0.33,186,10.2,0.77,0.9,1.35,1.36,1.25,0.82,1.21,1.29,1.57,1.58,2.04,2.51,2.86,2.95,3.12,0.3,0.45,0.16,-0.25,-0.98,-0.89,-1.11,-1.13,-1.42,-1.26,-1.09,-1.04,-1.25,-1.38,0.45
rule+2+5+10+19+20+21,1015,0.24,242,13.27,0.69,1.04,1.26,1.32,1.51,1.96,1.96,2.1,2.39,2.79,2.76,3,3.36,3.61,3.72,0.44,0.36,0.12,0.01,0.16,-0.14,-0.3,-0.31,-0.21,-0.54,-0.6,-0.54,-0.59,-0.78,0.44
rule+2+10+13+19+20+21,821,0.2,119,6.52,0.79,0.92,1.34,1.32,1.3,1.02,1.45,1.31,1.49,1.29,1.58,1.73,1.93,1.97,2.2,0.32,0.44,0.12,-0.2,-0.78,-0.65,-1.09,-1.21,-1.71,-1.72,-1.87,-1.97,-2.23,-2.3,0.44
rule+3+8+10+11+19+20,458,0.11,159,8.72,0.95,0.88,1.34,1.23,1.48,1.6,1.63,1.93,2.23,2.3,2.93,2.92,2.65,2.05,2.1,0.28,0.44,0.03,-0.02,-0.2,-0.47,-0.47,-0.47,-0.7,-0.37,-0.68,-1.25,-2.15,-2.4,0.44
rule+3+8+10+11+20,869,0.21,230,12.61,0.88,1.02,1.28,1.25,1.6,1.95,1.98,2.17,2.42,2.68,2.96,2.87,2.89,2.67,2.77,0.42,0.38,0.05,0.1,0.15,-0.12,-0.23,-0.28,-0.32,-0.34,-0.73,-1.01,-1.53,-1.73,0.42
rule+1+10+19+20+21,10249,2.44,398,21.82,0.65,1.01,1.15,1.34,1.28,1.56,1.91,2.17,2.27,2.63,2.92,3.14,3.44,3.87,4.09,0.41,0.25,0.14,-0.22,-0.24,-0.19,-0.23,-0.43,-0.37,-0.38,-0.46,-0.46,-0.33,-0.41,0.41
rule+2+10+11+13+19+20,1120,0.27,190,10.42,0.78,1.01,1.25,1.58,1.73,1.52,1.58,1.48,1.75,1.73,2.09,2.28,2.74,2.98,3.32,0.41,0.35,0.38,0.23,-0.28,-0.52,-0.92,-0.95,-1.27,-1.21,-1.32,-1.16,-1.22,-1.18,0.41
rule+3+7+8+10+13+20,802,0.19,218,11.95,1.07,0.97,1.18,1.29,1.38,1.47,1.42,1.34,1.78,1.97,2.67,2.97,3.32,3.18,3.35,0.37,0.28,0.09,-0.12,-0.33,-0.68,-1.06,-0.92,-1.03,-0.63,-0.63,-0.58,-1.02,-1.15,0.37
rule+3+8+10+11+13+19+20,250,0.06,106,5.81,1,0.77,1.27,1.14,1.23,0.82,0.95,1.37,1.42,1.32,2.33,2.72,2.44,2.24,2.59,0.17,0.37,-0.06,-0.27,-0.98,-1.15,-1.03,-1.28,-1.68,-0.97,-0.88,-1.46,-1.96,-1.91,0.37
rule+2+7+10+19+20,2204,0.52,311,17.05,0.76,0.94,1.26,1.44,1.6,1.61,1.81,1.93,2.39,2.44,2.88,3.14,3.39,3.68,3.81,0.34,0.36,0.24,0.1,-0.19,-0.29,-0.47,-0.31,-0.56,-0.42,-0.46,-0.51,-0.52,-0.69,0.36
rule+7+8+10+11+13+20+21,1201,0.29,249,13.65,0.75,0.96,0.8,0.78,1.04,0.93,0.83,0.96,1.07,1.22,1.21,1.29,1.54,1.65,1.74,0.36,-0.1,-0.42,-0.46,-0.87,-1.27,-1.44,-1.63,-1.78,-2.09,-2.31,-2.36,-2.55,-2.76,0.36
rule+2+10+11+19+20,2081,0.5,285,15.62,0.71,0.95,1,1.26,1.48,1.28,1.43,1.33,1.65,1.76,2.03,2.2,2.6,2.99,3.19,0.35,0.1,0.06,-0.02,-0.52,-0.67,-1.07,-1.05,-1.24,-1.27,-1.4,-1.3,-1.21,-1.31,0.35
rule+3+7+10+11+20+21,536,0.13,157,8.61,0.9,0.77,1.25,1.05,1.47,1.28,1.24,1.35,1.8,1.56,1.93,2.34,2.41,2.38,3.02,0.17,0.35,-0.15,-0.03,-0.52,-0.86,-1.05,-0.9,-1.44,-1.37,-1.26,-1.49,-1.82,-1.48,0.35
rule+3+7+8+10+11+13+20,342,0.08,134,7.35,1.07,0.95,1.15,1.1,1.15,0.98,0.91,0.96,1.19,1.29,1.95,2.3,2.8,2.59,2.89,0.35,0.25,-0.1,-0.35,-0.82,-1.19,-1.44,-1.51,-1.71,-1.35,-1.3,-1.1,-1.61,-1.61,0.35
rule+5+10+13+19+20,10444,2.49,467,25.6,0.8,0.94,0.99,1.19,1.59,1.9,2.01,2.02,2.21,2.27,2.38,2.82,3.04,3.23,3.5,0.34,0.09,-0.01,0.09,0.1,-0.09,-0.38,-0.49,-0.73,-0.92,-0.78,-0.86,-0.97,-1,0.34
rule+2+7+10+11+20,1168,0.28,206,11.29,0.82,0.92,1.02,1.1,1.57,1.59,1.54,1.68,2.03,2.18,2.46,2.44,3.09,3.61,4.3,0.32,0.12,-0.1,0.07,-0.21,-0.56,-0.72,-0.67,-0.82,-0.84,-1.16,-0.81,-0.59,-0.2,0.32
rule+3+8+10+19+20+21,1579,0.38,377,20.67,0.73,0.92,1.18,1.24,1.34,1.7,2.11,2.48,2.79,3.03,3.13,3.32,3.4,3.41,3.47,0.32,0.28,0.04,-0.16,-0.1,0.01,0.08,0.09,0.03,-0.17,-0.28,-0.5,-0.79,-1.03,0.32
rule+5+10+11+13+20,6611,1.57,438,24.01,0.86,0.91,1.15,1.36,1.72,2.03,2.06,2.3,2.59,2.89,3.26,3.67,3.88,4.22,4.57,0.31,0.25,0.16,0.22,0.23,-0.04,-0.1,-0.11,-0.11,-0.04,0.07,-0.02,0.02,0.07,0.31
rule+3+10+13+19+20+21,1161,0.28,216,11.84,0.76,0.91,0.89,1.01,1.09,0.9,1.12,1.12,1.4,1.12,1.33,1.42,1.46,1.56,1.71,0.31,-0.01,-0.19,-0.41,-0.9,-0.98,-1.28,-1.3,-1.88,-1.97,-2.18,-2.44,-2.64,-2.79,0.31
rule+3+7+8+10+13+19+20,436,0.1,157,8.61,1.12,0.9,1.1,1.24,1.04,1.05,1.17,1.34,1.87,1.92,2.98,3.25,3.4,3.25,3.38,0.3,0.2,0.04,-0.46,-0.75,-0.93,-1.06,-0.83,-1.08,-0.32,-0.35,-0.5,-0.95,-1.12,0.3
rule+3+8+10+13+20,1205,0.29,254,13.93,1.01,0.85,1.2,1.46,1.56,1.89,1.9,1.83,2.23,2.3,2.6,2.68,2.79,2.72,3.06,0.25,0.3,0.26,0.06,0.09,-0.2,-0.57,-0.47,-0.7,-0.7,-0.92,-1.11,-1.48,-1.44,0.3
rule+3+7+8+10+20,1965,0.47,431,23.63,0.72,0.89,1,1.22,1.4,1.56,1.43,1.36,1.81,1.97,2.28,2.51,2.64,2.69,2.9,0.29,0.1,0.02,-0.1,-0.24,-0.67,-1.04,-0.89,-1.03,-1.02,-1.09,-1.26,-1.51,-1.6,0.29
rule+3+5+7+10+13+20,53,0.01,37,2.03,0.96,0.34,0.88,0.74,1.37,1.41,1.17,2.41,2.98,2.47,3.05,2.91,3.79,3.6,3.67,-0.26,-0.02,-0.46,-0.13,-0.39,-0.93,0.01,0.28,-0.53,-0.25,-0.69,-0.11,-0.6,-0.83,0.28
rule+2+10+13+19+20,2708,0.64,300,16.45,0.78,0.87,1.16,1.2,1.16,0.78,0.97,0.91,1.16,1.11,1.39,1.6,1.9,2.14,2.19,0.27,0.26,0,-0.34,-1.02,-1.13,-1.49,-1.54,-1.89,-1.91,-2,-2,-2.06,-2.31,0.27
rule+5+7+10+20+21,3821,0.91,323,17.71,0.48,0.85,1.15,1.36,1.43,1.64,1.82,2.03,2.26,2.47,2.56,2.97,3.33,3.55,3.44,0.25,0.25,0.16,-0.07,-0.16,-0.28,-0.37,-0.44,-0.53,-0.74,-0.63,-0.57,-0.65,-1.06,0.25
rule+2+7+10+20,3582,0.85,411,22.53,0.74,0.85,1.02,0.98,1.16,1.12,1.37,1.66,2.05,2.09,2.38,2.62,2.86,3.35,3.39,0.25,0.12,-0.22,-0.34,-0.68,-0.73,-0.74,-0.65,-0.91,-0.92,-0.98,-1.04,-0.85,-1.11,0.25
rule+3+7+8+10+19+20,1137,0.27,341,18.7,0.76,0.85,1.1,1.31,1.28,1.54,1.59,1.62,2.11,2.19,2.55,2.84,2.9,2.75,2.9,0.25,0.2,0.11,-0.22,-0.26,-0.51,-0.78,-0.59,-0.81,-0.75,-0.76,-1,-1.45,-1.6,0.25
rule+1+6+10+19+20+21,2622,0.62,174,9.54,0.88,0.77,1.15,1.27,1.39,1.51,1.78,1.94,2.05,2.26,2.34,2.44,2.45,2.37,2.67,0.17,0.25,0.07,-0.11,-0.29,-0.32,-0.46,-0.65,-0.74,-0.96,-1.16,-1.45,-1.83,-1.83,0.25
rule+3+7+8+10+11+19+20,231,0.06,110,6.03,0.9,0.68,1.15,1.17,1.31,1.03,0.97,1.41,1.54,1.38,2.43,2.53,2.59,1.9,1.88,0.08,0.25,-0.03,-0.19,-0.77,-1.13,-0.99,-1.16,-1.62,-0.87,-1.07,-1.31,-2.3,-2.62,0.25
rule+3+8+10+13+19+20,658,0.16,180,9.87,1.11,0.84,0.93,1.05,0.94,1.12,1.26,1.27,1.77,1.81,2.54,2.77,2.71,2.52,2.73,0.24,0.03,-0.15,-0.56,-0.68,-0.84,-1.13,-0.93,-1.19,-0.76,-0.83,-1.19,-1.68,-1.77,0.24
rule+2+7+8+10+11+19+20+21,58,0.01,27,1.48,0.23,0.22,1.03,1.39,1.36,1.72,1.79,2.04,2.45,3.22,3.15,3.01,2.25,1.97,1.27,-0.38,0.13,0.19,-0.14,-0.08,-0.31,-0.36,-0.25,0.22,-0.15,-0.59,-1.65,-2.23,-3.23,0.22
rule+7+10+11+13+20+21,5434,1.29,459,25.16,0.73,0.81,0.66,0.58,0.42,0.25,0.14,0.09,0.21,0.23,0.24,0.48,0.63,0.58,0.8,0.21,-0.24,-0.62,-1.08,-1.55,-1.96,-2.31,-2.49,-2.77,-3.06,-3.12,-3.27,-3.62,-3.7,0.21
rule+5+7+10+20,12177,2.9,576,31.58,0.5,0.79,0.94,1.13,1.23,1.31,1.48,1.64,1.83,2.02,2.41,2.63,2.86,3.06,3.13,0.19,0.04,-0.07,-0.27,-0.49,-0.62,-0.76,-0.87,-0.98,-0.89,-0.97,-1.04,-1.14,-1.37,0.19
rule+3+8+10+20+21,2429,0.58,479,26.26,0.57,0.79,0.88,1.02,1.29,1.64,1.93,2.19,2.43,2.64,2.66,2.68,2.8,2.84,2.88,0.19,-0.02,-0.18,-0.21,-0.16,-0.17,-0.21,-0.27,-0.36,-0.64,-0.92,-1.1,-1.36,-1.62,0.19
rule+5+10+13+20,19064,4.54,666,36.51,0.74,0.79,0.83,0.91,0.92,1.09,1.25,1.42,1.67,1.66,1.94,2.19,2.3,2.49,2.64,0.19,-0.07,-0.29,-0.58,-0.71,-0.85,-0.98,-1.03,-1.34,-1.36,-1.41,-1.6,-1.71,-1.86,0.19
rule+7+8+10+11+13+19+20+21,628,0.15,151,8.28,0.75,0.79,0.54,0.43,0.63,0.74,0.93,1.26,1.32,1.71,2.1,2.3,2.6,2.4,2.39,0.19,-0.36,-0.77,-0.87,-1.06,-1.17,-1.14,-1.38,-1.29,-1.2,-1.3,-1.3,-1.8,-2.11,0.19
rule+7+8+10+13+20+21,4091,0.97,494,27.08,0.62,0.78,0.64,0.64,0.7,0.78,0.65,0.67,0.64,0.8,0.83,1.02,1.11,1.11,1.13,0.18,-0.26,-0.56,-0.8,-1.02,-1.45,-1.73,-2.06,-2.2,-2.47,-2.58,-2.79,-3.09,-3.37,0.18
rule+3+5+10+11+13+20,82,0.02,37,2.03,0.74,0.4,0.65,0.43,1.08,0.71,0.78,2.36,2.88,2.05,2.58,2.35,2.25,3.2,3.95,-0.2,-0.25,-0.77,-0.42,-1.09,-1.32,-0.04,0.18,-0.95,-0.72,-1.25,-1.65,-1,-0.55,0.18
rule+7+8+10+13+19+20+21,2426,0.58,362,19.85,0.63,0.77,0.64,0.69,0.9,1.26,1.2,1.15,1.2,1.36,1.68,1.98,2.21,2.1,2.18,0.17,-0.26,-0.51,-0.6,-0.54,-0.9,-1.25,-1.5,-1.64,-1.62,-1.62,-1.69,-2.1,-2.32,0.17
rule+2+10+11+20,3633,0.86,383,21,0.64,0.75,0.71,0.73,1.09,1.28,1.39,1.44,1.75,1.88,2.09,2.12,2.59,2.99,3.26,0.15,-0.19,-0.47,-0.41,-0.52,-0.71,-0.96,-0.95,-1.12,-1.21,-1.48,-1.31,-1.21,-1.24,0.15
rule+5+6+10+19+20+21,2201,0.52,183,10.03,0.94,0.73,1.05,1.25,1.57,1.79,1.86,1.96,2.19,2.59,2.49,2.71,2.93,3.06,3.23,0.13,0.15,0.05,0.07,-0.01,-0.24,-0.44,-0.51,-0.41,-0.81,-0.89,-0.97,-1.14,-1.27,0.15
rule+7+8+10+11+20+21,2070,0.49,352,19.3,0.66,0.75,0.63,0.44,0.59,0.54,0.58,0.58,0.68,0.91,0.91,1.04,1.38,1.4,1.46,0.15,-0.27,-0.76,-0.91,-1.26,-1.52,-1.82,-2.02,-2.09,-2.39,-2.56,-2.52,-2.8,-3.04,0.15
rule+2+10+11+13+20,2055,0.49,270,14.8,0.69,0.74,0.73,0.84,1.06,0.96,0.97,1.23,1.65,1.86,1.99,2.04,2.62,2.9,3.32,0.14,-0.17,-0.36,-0.44,-0.84,-1.13,-1.17,-1.05,-1.14,-1.31,-1.56,-1.28,-1.3,-1.18,0.14
rule+2+8+10+19+20,1971,0.47,314,17.21,0.35,0.74,1,1.14,1.39,1.75,2.03,2.29,2.55,2.61,2.85,2.86,2.98,3.08,3.18,0.14,0.1,-0.06,-0.11,-0.05,-0.07,-0.11,-0.15,-0.39,-0.45,-0.74,-0.92,-1.12,-1.32,0.14
rule+2+10+13+20,4748,1.13,412,22.59,0.77,0.74,0.82,0.77,0.74,0.4,0.6,0.75,1.01,1.09,1.11,1.23,1.64,1.95,2.06,0.14,-0.08,-0.43,-0.76,-1.4,-1.5,-1.65,-1.69,-1.91,-2.19,-2.37,-2.26,-2.25,-2.44,0.14
rule+3+7+8+10+11+13+19+20,163,0.04,88,4.82,1.09,0.66,1.03,0.9,1,0.49,0.56,1.28,1.37,1.21,2.36,2.68,2.72,2.27,2.44,0.06,0.13,-0.3,-0.5,-1.31,-1.54,-1.12,-1.33,-1.79,-0.94,-0.92,-1.18,-1.93,-2.06,0.13
rule+7+8+10+11+19+20,3461,0.82,482,26.43,0.71,0.73,0.78,0.55,0.7,0.91,0.88,0.84,0.96,1.13,1.31,1.43,1.59,1.57,1.68,0.13,-0.12,-0.65,-0.8,-0.89,-1.22,-1.56,-1.74,-1.87,-1.99,-2.17,-2.31,-2.63,-2.82,0.13
rule+7+8+10+11+13+19+20,1949,0.46,350,19.19,0.68,0.72,0.8,0.76,0.99,0.99,0.81,0.97,1.06,1.15,1.53,1.72,1.97,2.03,2.34,0.12,-0.1,-0.44,-0.51,-0.81,-1.29,-1.43,-1.64,-1.85,-1.77,-1.88,-1.93,-2.17,-2.16,0.12
rule+2+5+10+19+20,3535,0.84,521,28.56,0.49,0.69,1.01,1.31,1.47,1.64,1.82,2.06,2.46,2.59,2.76,3.14,3.37,3.55,3.65,0.09,0.11,0.11,-0.03,-0.16,-0.28,-0.34,-0.24,-0.41,-0.54,-0.46,-0.53,-0.65,-0.85,0.11
rule+2+10+19+20+21,3801,0.91,476,26.1,0.46,0.71,0.92,0.85,0.96,1.21,1.4,1.49,1.68,1.95,2.22,2.41,2.76,2.98,3.15,0.11,0.02,-0.35,-0.54,-0.59,-0.7,-0.91,-1.02,-1.05,-1.08,-1.19,-1.14,-1.22,-1.35,0.11
rule+3+7+10+20+21,2807,0.67,493,27.03,0.57,0.71,0.68,0.75,0.89,0.82,0.91,0.91,1.01,1.05,0.96,1.06,1.14,1.33,1.55,0.11,-0.22,-0.45,-0.61,-0.98,-1.19,-1.49,-1.69,-1.95,-2.34,-2.54,-2.76,-2.87,-2.95,0.11
rule+3+10+13+20+21,2295,0.55,344,18.86,0.66,0.7,0.6,0.65,0.62,0.45,0.59,0.61,0.9,0.69,0.87,1.18,1.52,1.76,2.22,0.1,-0.3,-0.55,-0.88,-1.35,-1.51,-1.79,-1.8,-2.31,-2.43,-2.42,-2.38,-2.44,-2.28,0.1
rule+3+7+10+13+20+21,1036,0.25,251,13.76,0.69,0.7,0.67,0.75,0.95,0.65,0.5,0.71,0.99,0.96,1.08,1.42,1.81,1.82,2.15,0.1,-0.23,-0.45,-0.55,-1.15,-1.6,-1.69,-1.71,-2.04,-2.22,-2.18,-2.09,-2.38,-2.35,0.1
rule+2+10+20+21,6048,1.44,587,32.18,0.54,0.69,0.85,0.88,0.89,0.98,1.24,1.46,1.62,1.82,2.19,2.44,2.65,2.89,3.05,0.09,-0.05,-0.32,-0.61,-0.82,-0.86,-0.94,-1.08,-1.18,-1.11,-1.16,-1.25,-1.31,-1.45,0.09
rule+3+5+7+10+20,163,0.04,92,5.04,0.97,0.68,0.68,0.68,1.02,1.16,1.21,1.56,1.75,1.44,1.72,1.82,2.36,2.1,2.47,0.08,-0.22,-0.52,-0.48,-0.64,-0.89,-0.84,-0.95,-1.56,-1.58,-1.78,-1.54,-2.1,-2.03,0.08
rule+5+8+10+20,11467,2.73,649,35.58,0.47,0.67,0.93,1.12,1.3,1.42,1.52,1.78,2.02,2.14,2.3,2.76,3.1,3.26,3.38,0.07,0.03,-0.08,-0.2,-0.38,-0.58,-0.62,-0.68,-0.86,-1,-0.84,-0.8,-0.94,-1.12,0.07
rule+2+7+10+11+13+19+20,527,0.13,115,6.3,0.54,0.66,0.92,1.07,1.2,0.83,1.22,1.2,1.37,1.94,2.71,2.84,3.27,3.55,3.93,0.06,0.02,-0.13,-0.3,-0.97,-0.88,-1.2,-1.33,-1.06,-0.59,-0.76,-0.63,-0.65,-0.57,0.06
rule+2+7+10+13+20,2103,0.5,274,15.02,0.78,0.65,0.59,0.44,0.44,0.26,0.55,0.91,1.23,1.35,1.61,1.76,2.2,2.69,2.64,0.05,-0.31,-0.76,-1.06,-1.54,-1.55,-1.49,-1.47,-1.65,-1.69,-1.84,-1.7,-1.51,-1.86,0.05
rule+7+10+11+13+19+20+21,2904,0.69,315,17.27,0.75,0.65,0.42,0.45,0.38,0.36,0.39,0.35,0.45,0.55,0.75,0.91,1.06,0.88,1.04,0.05,-0.48,-0.75,-1.12,-1.44,-1.71,-2.05,-2.25,-2.45,-2.55,-2.69,-2.84,-3.32,-3.46,0.05
rule+1+5+10+19+20,23476,5.59,831,45.56,0.43,0.63,0.8,1.07,1.28,1.41,1.49,1.57,1.7,2.02,2.16,2.35,2.54,2.88,3.15,0.03,-0.1,-0.13,-0.22,-0.39,-0.61,-0.83,-1,-0.98,-1.14,-1.25,-1.36,-1.32,-1.35,0.03
rule+3+7+10+19+20+21,1675,0.4,406,22.26,0.54,0.63,0.72,0.81,0.85,0.89,1.12,1.1,1.35,1.27,1.34,1.43,1.46,1.66,1.83,0.03,-0.18,-0.39,-0.65,-0.91,-0.98,-1.3,-1.35,-1.73,-1.96,-2.17,-2.44,-2.54,-2.67,0.03
rule+1+10+20+21,16792,4,509,27.91,0.55,0.63,0.55,0.47,0.33,0.31,0.4,0.5,0.65,0.79,0.98,1.1,1.17,1.48,1.8,0.03,-0.35,-0.73,-1.17,-1.49,-1.7,-1.9,-2.05,-2.21,-2.32,-2.5,-2.73,-2.72,-2.7,0.03
rule+7+10+11+19+20+21,4513,1.07,436,23.9,0.65,0.63,0.44,0.4,0.38,0.42,0.52,0.31,0.44,0.57,0.79,0.99,1.08,0.97,0.98,0.03,-0.46,-0.8,-1.12,-1.38,-1.58,-2.09,-2.26,-2.43,-2.51,-2.61,-2.82,-3.23,-3.52,0.03
rule+1+5+6+10+19+20,8342,1.99,436,23.9,0.48,0.62,0.89,0.92,1.13,1.39,1.63,1.73,2.02,2.25,2.23,2.37,2.54,2.52,2.69,0.02,-0.01,-0.28,-0.37,-0.41,-0.47,-0.67,-0.68,-0.75,-1.07,-1.23,-1.36,-1.68,-1.81,0.02
rule+3+5+10+19+20+21,401,0.1,174,9.54,0.16,0.52,0.6,1.17,1.52,1.39,1.49,1.69,1.98,2.07,1.93,2.24,2.2,2.28,2.58,-0.08,-0.3,-0.03,0.02,-0.41,-0.61,-0.71,-0.72,-0.93,-1.37,-1.36,-1.7,-1.92,-1.92,0.02
rule+3+7+10+11+20,1995,0.47,356,19.52,0.62,0.62,0.67,0.57,0.84,0.97,0.93,1.09,1.33,1.23,1.7,1.85,2.01,2.08,2.39,0.02,-0.23,-0.63,-0.66,-0.83,-1.17,-1.31,-1.37,-1.77,-1.6,-1.75,-1.89,-2.12,-2.11,0.02
rule+7+8+10+11+19+20+21,1184,0.28,241,13.21,0.61,0.62,0.56,0.35,0.69,0.97,1.32,1.44,1.57,2.01,2.03,2.15,2.45,2.3,2.18,0.02,-0.34,-0.85,-0.81,-0.83,-0.78,-0.96,-1.13,-0.99,-1.27,-1.45,-1.45,-1.9,-2.32,0.02
rule+6+10+19+20,14550,3.46,540,29.61,0.58,0.62,0.76,0.85,0.95,1.22,1.3,1.2,1.21,1.37,1.46,1.54,1.65,1.62,1.79,0.02,-0.14,-0.35,-0.55,-0.58,-0.8,-1.2,-1.49,-1.63,-1.84,-2.06,-2.25,-2.58,-2.71,0.02
rule+1+6+10+19+20,11739,2.79,462,25.33,0.49,0.61,0.85,0.89,1.11,1.42,1.69,1.73,1.71,1.8,1.79,1.83,2.03,2.09,2.35,0.01,-0.05,-0.31,-0.39,-0.38,-0.41,-0.67,-0.99,-1.2,-1.51,-1.77,-1.87,-2.11,-2.15,0.01
rule+3+10+11+19+20,2656,0.63,412,22.59,0.64,0.61,0.76,0.49,0.7,0.67,0.67,0.91,1.05,1.11,1.36,1.35,1.49,1.63,1.96,0.01,-0.14,-0.71,-0.8,-1.13,-1.43,-1.49,-1.65,-1.89,-1.94,-2.25,-2.41,-2.57,-2.54,0.01
rule+3+7+10+13+19+20+21,526,0.13,160,8.77,0.63,0.61,0.59,0.59,0.62,0.31,0.22,0.45,0.7,0.51,0.84,0.98,1.02,0.95,1.11,0.01,-0.31,-0.61,-0.88,-1.49,-1.88,-1.95,-2,-2.49,-2.46,-2.62,-2.88,-3.25,-3.39,0.01
rule+7+10+11+20+21,8111,1.93,602,33,0.59,0.61,0.48,0.31,0.15,0.09,0.03,-0.1,0.05,0.17,0.34,0.45,0.57,0.51,0.63,0.01,-0.42,-0.89,-1.35,-1.71,-2.07,-2.5,-2.65,-2.83,-2.96,-3.15,-3.33,-3.69,-3.87,0.01
